Timestamp,Temperature,Gas,Humidity,Pressure,Altitude,Visible Light,IR Light
0.3,25.8,212096,52.3,1010.6,22.1,110.0,110.0
0.6,25.8,104170,52.5,1010.6,22.1,110.0,110.0
0.9,25.9,115367,52.5,1010.6,22.1,110.0,110.0
1.2,25.9,132676,52.5,1010.6,22.1,110.0,110.0
1.5,26.0,144225,52.5,1010.6,22.1,110.0,110.0
1.8,26.0,143981,52.4,1010.6,22.2,110.0,110.0
2.1,26.1,155104,52.5,1010.6,22.1,110.0,110.0
2.4,26.1,155812,52.3,1010.6,22.1,111.0,110.0
2.7,26.1,148880,52.2,1010.6,22.1,111.0,110.0
3.0,26.1,165964,52.2,1010.6,22.2,112.0,110.0
3.3,26.2,167429,52.0,1010.6,22.2,112.0,111.0
3.59999,26.2,171985,51.7,1010.6,22.2,111.0,110.0
3.89999,26.2,175522,51.4,1010.6,22.2,111.0,110.0
4.19999,26.2,164365,51.1,1010.6,22.2,111.0,110.0
4.49999,26.2,164683,51.0,1010.6,22.1,111.0,110.0
4.79999,26.2,171812,51.0,1010.6,22.2,111.0,110.0
5.09999,26.2,178646,50.9,1010.6,22.2,111.0,110.0
5.39999,26.2,185238,50.7,1010.6,22.2,111.0,110.0
5.69999,26.2,187271,50.4,1010.6,22.1,112.0,110.0
5.99999,26.2,176795,50.1,1010.6,22.1,111.0,110.0
6.29999,26.2,174090,50.0,1010.6,22.2,111.0,110.0
6.59999,26.3,183842,49.9,1010.6,22.1,111.0,110.0
6.89999,26.3,179775,49.8,1010.6,22.1,110.0,111.0
7.19999,26.3,191832,49.7,1010.6,22.1,110.0,111.0
7.49998,26.3,185440,49.5,1010.6,22.2,110.0,111.0
7.79998,26.3,183249,49.4,1010.6,22.2,112.0,110.0
8.09998,26.3,193244,49.2,1010.6,22.2,112.0,110.0
8.39998,26.3,195681,49.1,1010.6,22.2,112.0,110.0
8.69998,26.3,177716,49.0,1010.6,22.2,110.0,111.0
8.99998,26.3,196018,49.0,1010.6,22.2,112.0,110.0
9.29998,26.3,194233,48.9,1010.6,22.2,112.0,110.0
9.59998,26.3,182466,48.9,1010.6,22.3,110.0,111.0
9.89998,26.3,193682,48.9,1010.6,22.2,111.0,111.0
10.2,26.3,196018,48.9,1010.6,22.2,113.0,110.0
10.5,26.3,186861,48.8,1010.6,22.2,106.0,109.0
10.8,26.3,199804,48.8,1010.6,22.2,105.0,110.0
11.1,26.3,201218,48.6,1010.6,22.2,110.0,107.0
11.4,26.3,200626,48.4,1010.6,22.2,109.0,110.0
11.7,26.3,202291,48.2,1010.6,22.3,109.0,110.0
12.0,26.3,177716,48.2,1010.6,22.3,109.0,110.0
12.3,26.3,178086,48.4,1010.6,22.3,109.0,110.0
12.6,26.3,186861,48.6,1010.6,22.3,111.0,109.0
12.9,26.3,183249,48.7,1010.6,22.3,110.0,109.0
13.2,26.3,173559,48.8,1010.6,22.3,109.0,110.0
13.5,26.3,171985,49.1,1010.6,22.3,111.0,109.0
13.8,26.3,179586,49.4,1010.6,22.4,109.0,110.0
14.1,26.3,166612,49.8,1010.6,22.3,110.0,110.0
14.4,26.4,171985,50.1,1010.6,22.3,110.0,110.0
14.7,26.4,175884,50.3,1010.6,22.2,110.0,110.0
15.0,26.4,174268,50.5,1010.6,22.2,110.0,110.0
15.3,26.4,178272,50.6,1010.6,22.2,111.0,110.0
15.6,26.4,182466,50.6,1010.6,22.2,110.0,110.0
15.9,26.4,179208,50.5,1010.6,22.3,110.0,110.0
16.2,26.4,183842,50.6,1010.6,22.3,111.0,110.0
16.5,26.4,178086,50.6,1010.6,22.3,112.0,110.0
16.7999,26.4,166287,50.6,1010.6,22.3,111.0,111.0
17.0999,26.4,176978,50.7,1010.6,22.2,110.0,111.0
17.3999,26.4,178459,50.8,1010.6,22.2,112.0,110.0
17.6999,26.4,175162,50.7,1010.6,22.2,111.0,110.0
17.9999,26.4,191939,50.8,1010.6,22.1,111.0,110.0
18.2999,26.4,183644,50.6,1010.6,22.1,110.0,111.0
18.5999,26.4,177716,50.5,1010.6,22.1,107.0,110.0
18.8999,26.4,192807,50.3,1010.6,22.1,108.0,108.0
19.1999,26.4,192916,50.2,1010.6,22.1,108.0,109.0
19.4999,26.4,181110,50.1,1010.6,22.1,106.0,110.0
19.7999,26.4,183842,50.2,1010.6,22.2,109.0,108.0
20.0999,26.4,192264,50.3,1010.6,22.2,107.0,109.0
20.3999,26.4,178086,50.4,1010.6,22.2,105.0,110.0
20.6999,26.4,176978,50.4,1010.6,22.2,110.0,108.0
20.9999,26.4,184637,50.5,1010.6,22.2,107.0,109.0
21.2999,26.4,192264,50.4,1010.6,22.2,106.0,109.0
21.5999,26.4,166287,50.4,1010.6,22.1,109.0,108.0
21.8999,26.4,173382,50.6,1010.6,22.1,108.0,108.0
22.1999,26.4,185843,50.7,1010.6,22.2,106.0,109.0
22.4999,26.4,187066,50.6,1010.6,22.2,108.0,108.0
22.7999,26.4,182466,50.4,1010.6,22.2,106.0,109.0
23.0999,26.4,185037,50.4,1010.6,22.1,108.0,108.0
23.3998,26.4,192807,50.3,1010.6,22.2,106.0,109.0
23.6998,26.4,168089,50.2,1010.6,22.2,110.0,110.0
23.9998,26.4,176247,50.4,1010.6,22.3,110.0,110.0
24.2998,26.4,170609,50.5,1010.6,22.2,111.0,109.0
24.5998,26.4,167101,50.6,1010.6,22.2,109.0,110.0
24.8998,26.4,174090,50.9,1010.6,22.2,109.0,110.0
25.1998,26.4,186861,50.9,1010.6,22.2,109.0,110.0
25.4998,26.4,168921,50.9,1010.6,22.2,109.0,110.0
25.7998,26.4,168754,51.0,1010.6,22.2,111.0,109.0
26.0998,26.4,179775,51.2,1010.6,22.2,109.0,110.0
26.3998,26.4,184837,51.2,1010.6,22.3,111.0,109.0
26.6998,26.4,167923,51.1,1010.6,22.2,111.0,109.0
26.9998,26.4,173735,51.2,1010.6,22.2,109.0,110.0
27.2998,26.4,179586,51.3,1010.6,22.2,109.0,110.0
27.5998,26.5,174446,51.2,1010.6,22.2,109.0,110.0
27.8998,26.5,172158,51.3,1010.6,22.2,111.0,109.0
28.1998,26.5,183644,51.3,1010.6,22.2,109.0,110.0
28.4998,26.4,194344,51.2,1010.6,22.1,109.0,110.0
28.7998,26.4,178272,50.9,1010.6,22.1,106.0,110.0
29.0998,26.4,195905,50.8,1010.6,22.1,107.0,105.0
29.3998,26.4,204350,50.6,1010.6,22.1,107.0,105.0
29.6998,26.4,207077,50.2,1010.6,22.1,108.0,105.0
29.9998,26.4,213022,49.8,1010.6,22.0,106.0,106.0
30.2997,26.4,216124,49.4,1010.6,22.1,106.0,106.0
30.5997,26.4,213555,48.9,1010.6,22.2,106.0,106.0
30.8997,26.4,218616,48.5,1010.6,22.1,106.0,106.0
31.1997,26.4,216124,48.2,1010.6,22.1,106.0,106.0
31.4997,26.5,221023,47.8,1010.6,22.1,107.0,106.0
31.7997,26.5,220594,47.5,1010.6,22.1,107.0,106.0
32.0997,26.5,219178,47.2,1010.6,22.1,107.0,106.0
32.3997,26.5,219318,47.0,1010.6,22.1,108.0,106.0
32.6997,26.5,204228,46.7,1010.6,22.1,108.0,110.0
32.9997,26.5,204472,46.6,1010.6,22.1,109.0,110.0
33.2997,26.5,204106,46.8,1010.6,22.1,108.0,110.0
33.5997,26.5,210786,46.8,1010.6,22.1,109.0,109.0
33.8996,26.5,193682,46.8,1010.6,22.1,107.0,110.0
34.1996,26.5,193353,47.0,1010.6,22.1,110.0,109.0
34.4996,26.5,198757,47.3,1010.6,22.1,109.0,109.0
34.7996,26.5,192264,47.4,1010.6,22.1,107.0,110.0
35.0996,26.5,184040,47.6,1010.6,22.0,108.0,110.0
35.3996,26.5,194899,47.9,1010.6,22.0,110.0,109.0
35.6996,26.5,176247,48.0,1010.6,22.0,110.0,109.0
35.9996,26.5,182271,48.3,1010.6,22.1,110.0,109.0
36.2995,26.5,196469,48.6,1010.6,22.1,108.0,110.0
36.5995,26.5,196582,48.7,1010.6,22.0,110.0,109.0
36.8995,26.5,186656,48.7,1010.6,22.0,108.0,110.0
37.1995,26.5,201218,48.8,1010.6,22.0,112.0,110.0
37.4995,26.5,208087,48.8,1010.6,22.0,116.0,113.0
37.7995,26.5,213957,48.6,1010.6,22.0,130.0,127.0
38.0995,26.5,213288,48.3,1010.6,22.0,129.0,126.0
38.3995,26.5,197036,48.1,1010.6,22.0,117.0,113.0
38.6994,26.5,193682,48.1,1010.6,22.0,106.0,109.0
38.9994,26.5,196131,48.1,1010.6,22.1,108.0,106.0
39.2994,26.5,200981,48.2,1010.6,22.0,106.0,104.0
39.5994,26.5,206451,48.3,1010.6,22.1,107.0,104.0
39.8994,26.5,209107,48.1,1010.6,22.2,103.0,101.0
40.1994,26.6,212624,48.0,1010.6,22.1,104.0,102.0
40.4994,26.6,215442,47.7,1010.6,22.0,87.0,88.0
40.7994,26.6,217363,47.5,1010.6,22.0,110.0,110.0
41.0994,26.6,219318,47.2,1010.6,22.0,111.0,108.0
41.3993,26.6,213823,47.0,1010.6,22.0,105.0,104.0
41.6993,26.6,184837,46.9,1010.6,22.0,110.0,110.0
41.9993,26.6,186046,47.2,1010.6,22.0,109.0,110.0
42.2993,26.6,185037,47.5,1010.6,21.9,111.0,109.0
42.5993,26.6,184438,47.8,1010.6,21.9,111.0,109.0
42.8993,26.6,183249,48.2,1010.6,21.9,109.0,110.0
43.1993,26.6,193463,48.5,1010.6,21.9,109.0,110.0
43.4993,26.6,191401,48.7,1010.6,21.9,109.0,110.0
43.7992,26.6,195569,48.9,1010.6,21.9,110.0,110.0
44.0992,26.6,197836,49.1,1010.6,21.9,111.0,109.0
44.3992,26.6,184238,49.2,1010.6,21.9,110.0,110.0
44.6992,26.6,184837,49.5,1010.6,21.9,110.0,110.0
44.9992,26.6,194787,49.6,1010.6,21.9,110.0,110.0
45.2992,26.6,193572,49.7,1010.6,21.9,110.0,110.0
45.5992,26.6,203134,49.6,1010.6,21.9,110.0,110.0
45.8992,26.6,199338,49.5,1010.6,21.9,110.0,110.0
46.1991,26.6,182661,49.4,1010.6,21.9,110.0,110.0
46.4991,26.7,191724,49.5,1010.6,21.8,110.0,110.0
46.7991,26.7,186046,49.6,1010.6,21.9,111.0,110.0
47.0991,26.7,173207,49.7,1010.6,21.8,111.0,110.0
47.3991,26.7,173559,49.9,1010.6,21.9,112.0,110.0
47.6991,26.7,182271,50.1,1010.6,21.9,111.0,111.0
47.9991,26.7,165803,50.3,1010.6,21.9,111.0,111.0
48.2991,26.7,174090,50.5,1010.6,21.9,112.0,111.0
48.599,26.7,181110,50.5,1010.6,21.8,111.0,111.0
48.899,26.7,175162,50.5,1010.6,21.8,111.0,111.0
49.199,26.7,184040,50.5,1010.6,21.8,112.0,110.0
49.499,26.7,192264,50.4,1010.6,21.8,112.0,110.0
49.799,26.7,175342,50.4,1010.6,21.8,112.0,111.0
50.099,26.7,176978,50.5,1010.6,21.8,111.0,111.0
50.399,26.7,175342,50.6,1010.6,21.8,111.0,111.0
50.699,26.7,177716,50.8,1010.6,21.8,112.0,111.0
50.999,26.7,179775,50.9,1010.6,21.8,111.0,111.0
51.2989,26.8,182661,50.9,1010.6,21.7,112.0,111.0
51.5989,26.8,196018,50.9,1010.7,21.6,112.0,111.0
51.8989,26.7,192916,50.6,1010.7,21.6,117.0,110.0
52.1989,26.8,182271,50.5,1010.7,21.6,112.0,111.0
52.4989,26.8,186453,50.5,1010.7,21.6,112.0,111.0
52.7989,26.8,174624,50.5,1010.7,21.6,112.0,111.0
53.0989,26.8,191832,50.6,1010.7,21.7,112.0,111.0
53.3989,26.7,201574,50.6,1010.6,21.7,112.0,111.0
53.6988,26.7,182466,50.4,1010.6,21.7,112.0,111.0
53.9988,26.7,183644,50.3,1010.6,21.7,112.0,111.0
54.2988,26.7,192048,50.4,1010.6,21.7,115.0,111.0
54.5988,26.7,185037,50.3,1010.6,21.7,112.0,111.0
54.8988,26.7,202892,50.3,1010.7,21.6,112.0,111.0
55.1988,26.7,192698,50.1,1010.7,21.6,112.0,111.0
55.4988,26.7,190866,50.1,1010.6,21.7,112.0,111.0
55.7988,26.7,198411,50.1,1010.6,21.7,112.0,111.0
56.0987,26.7,173382,50.2,1010.7,21.7,112.0,111.0
56.3987,26.7,183644,50.4,1010.7,21.6,112.0,111.0
56.6987,26.7,190973,50.5,1010.6,21.7,114.0,110.0
56.9987,26.7,180918,50.7,1010.6,21.7,112.0,111.0
57.2987,26.7,196809,50.8,1010.6,21.7,112.0,111.0
57.5987,26.7,177162,50.7,1010.6,21.7,112.0,111.0
57.8987,26.7,182076,50.8,1010.6,21.7,112.0,111.0
58.1987,26.7,192589,50.9,1010.6,21.7,112.0,111.0
58.4986,26.7,179397,50.8,1010.6,21.7,111.0,111.0
58.7986,26.7,198642,50.9,1010.6,21.8,112.0,110.0
59.0986,26.7,177346,50.8,1010.6,21.8,115.0,111.0
59.3986,26.7,194565,50.8,1010.6,21.8,113.0,112.0
59.6986,26.7,201932,50.7,1010.6,21.8,115.0,111.0
59.9986,26.7,210137,50.3,1010.6,21.7,115.0,111.0
60.2986,26.7,193353,49.9,1010.7,21.6,112.0,111.0
60.5986,26.7,195121,49.8,1010.7,21.6,111.0,111.0
60.8985,26.7,196356,49.7,1010.7,21.6,112.0,110.0
61.1985,26.7,184238,49.7,1010.7,21.6,113.0,112.0
61.4985,26.7,180727,49.8,1010.7,21.7,111.0,111.0
61.7985,26.7,190973,50.0,1010.7,21.6,111.0,111.0
62.0985,26.7,196582,50.1,1010.7,21.6,111.0,111.0
62.3985,26.7,199221,50.1,1010.7,21.6,111.0,111.0
62.6985,26.7,205829,50.0,1010.7,21.6,111.0,111.0
62.9985,26.7,206701,49.8,1010.7,21.6,111.0,111.0
63.2984,26.7,210526,49.6,1010.7,21.6,111.0,111.0
63.5984,26.7,201932,49.4,1010.6,21.7,111.0,111.0
63.8984,26.7,206326,49.3,1010.6,21.7,111.0,111.0
64.1984,26.7,209879,49.1,1010.7,21.6,111.0,111.0
64.4984,26.7,208087,49.0,1010.7,21.6,111.0,111.0
64.7984,26.7,211964,48.8,1010.7,21.6,111.0,111.0
65.0984,26.7,216949,48.7,1010.7,21.6,111.0,111.0
65.3984,26.8,200273,48.5,1010.7,21.6,111.0,111.0
65.6984,26.8,193463,48.4,1010.7,21.6,111.0,111.0
65.9984,26.8,181882,48.4,1010.7,21.6,111.0,111.0
66.2983,26.8,174446,48.5,1010.7,21.6,111.0,111.0
66.5983,26.8,183446,48.8,1010.7,21.6,111.0,111.0
66.8983,26.8,181882,48.9,1010.7,21.6,111.0,111.0
67.1983,26.8,182076,48.9,1010.7,21.6,110.0,111.0
67.4983,26.8,196809,49.0,1010.7,21.5,111.0,111.0
67.7983,26.8,179775,49.0,1010.7,21.5,111.0,111.0
68.0983,26.8,197150,49.0,1010.7,21.5,112.0,110.0
68.3983,26.8,196809,49.0,1010.7,21.5,111.0,110.0
68.6982,26.8,192156,48.8,1010.7,21.5,111.0,110.0
68.9982,26.8,194344,48.7,1010.7,21.5,111.0,110.0
69.2982,26.8,178272,48.7,1010.7,21.5,109.0,110.0
69.5982,26.8,192481,48.9,1010.7,21.6,109.0,110.0
69.8982,26.8,194012,49.0,1010.7,21.5,110.0,110.0
70.1982,26.8,182076,49.0,1010.7,21.5,110.0,110.0
70.4982,26.8,197950,49.2,1010.7,21.5,110.0,110.0
70.7982,26.8,197150,49.1,1010.7,21.5,110.0,110.0
71.0981,26.8,193463,49.1,1010.7,21.5,110.0,110.0
71.3981,26.8,203497,49.1,1010.7,21.5,111.0,110.0
71.6981,26.8,194454,48.9,1010.7,21.5,111.0,110.0
71.9981,26.8,186046,48.9,1010.7,21.6,111.0,110.0
72.2981,26.8,192372,49.1,1010.7,21.6,112.0,110.0
72.5981,26.8,196469,49.2,1010.7,21.6,112.0,110.0
72.8981,26.8,193682,49.2,1010.7,21.6,112.0,110.0
73.1981,26.8,205457,49.2,1010.7,21.6,112.0,110.0
73.498,26.8,198873,49.0,1010.7,21.6,112.0,110.0
73.798,26.8,204106,48.9,1010.7,21.5,111.0,111.0
74.098,26.8,204840,48.8,1010.7,21.5,111.0,111.0
74.398,26.8,190973,48.7,1010.7,21.5,111.0,111.0
74.698,26.8,202411,48.8,1010.7,21.5,111.0,111.0
74.998,26.8,197721,48.8,1010.7,21.5,111.0,111.0
75.298,26.8,199804,48.8,1010.7,21.5,112.0,111.0
75.598,26.8,210656,48.7,1010.7,21.5,111.0,111.0
75.898,26.8,195233,48.7,1010.7,21.5,112.0,111.0
76.1979,26.8,186656,48.7,1010.7,21.4,111.0,111.0
76.4979,26.8,195681,48.8,1010.7,21.5,112.0,111.0
76.7979,26.8,200509,48.9,1010.7,21.5,112.0,111.0
77.0979,26.8,203862,48.9,1010.7,21.5,112.0,111.0
77.3979,26.8,198989,48.8,1010.7,21.4,112.0,111.0
77.6979,26.8,205581,48.8,1010.7,21.4,112.0,111.0
77.9979,26.8,209492,48.7,1010.7,21.4,112.0,111.0
78.2979,26.8,202171,48.5,1010.7,21.4,112.0,111.0
78.5978,26.8,206077,48.4,1010.7,21.5,112.0,111.0
78.8978,26.8,204840,48.2,1010.7,21.5,112.0,111.0
79.1978,26.8,200273,48.2,1010.7,21.4,115.0,111.0
79.4978,26.8,198065,48.2,1010.7,21.4,111.0,110.0
79.7978,26.8,194899,48.3,1010.7,21.6,110.0,110.0
80.0978,26.8,186656,48.4,1010.7,21.6,112.0,110.0
80.3978,26.8,179586,48.7,1010.7,21.6,111.0,111.0
80.6978,26.8,176978,49.0,1010.6,21.7,113.0,112.0
80.9977,26.8,176430,49.3,1010.6,21.8,111.0,111.0
81.2977,26.8,187271,49.5,1010.6,21.8,110.0,111.0
81.5977,26.8,184637,49.5,1010.6,21.8,112.0,110.0
81.8977,26.8,185641,49.6,1010.6,21.7,112.0,110.0
82.1977,26.8,185843,49.7,1010.7,21.7,113.0,110.0
82.4977,26.8,182466,49.7,1010.6,21.7,112.0,110.0
82.7977,26.8,198642,49.8,1010.6,21.7,118.0,113.0
83.0977,26.8,193244,49.7,1010.7,21.6,128.0,126.0
83.3976,26.8,201099,49.6,1010.7,21.6,57.0,57.0
83.6976,26.8,203134,49.4,1010.6,21.7,65.0,65.0
83.9976,26.8,200156,49.2,1010.6,21.7,60.0,58.0
84.2976,26.8,201336,49.0,1010.6,21.8,41.0,39.0
84.5976,26.9,201813,48.9,1010.6,21.8,53.0,51.0
84.8976,26.9,207834,48.7,1010.6,21.8,22.0,24.0
85.1976,26.9,209879,48.6,1010.6,21.8,21.0,22.0
85.4976,26.9,214765,48.4,1010.6,21.8,19.0,18.0
85.7975,26.9,219883,48.1,1010.6,21.8,16.0,19.0
86.0975,26.9,216536,47.8,1010.6,21.8,12.0,16.0
86.3975,26.9,209492,47.5,1010.6,21.7,12.0,16.0
86.6975,26.9,211439,47.3,1010.6,21.8,13.0,15.0
86.9975,26.9,210786,47.2,1010.6,21.7,12.0,16.0
87.2975,26.9,207960,47.1,1010.6,21.7,14.0,15.0
87.5975,26.9,215171,47.1,1010.6,21.7,14.0,16.0
87.8975,26.9,206826,47.0,1010.7,21.6,34.0,33.0
88.1975,26.9,196696,47.0,1010.7,21.6,22.0,22.0
88.4974,26.9,208087,47.2,1010.7,21.7,20.0,23.0
88.7974,26.9,198180,47.2,1010.6,21.7,17.0,21.0
89.0974,26.9,198065,47.3,1010.6,21.7,21.0,23.0
89.3974,26.9,212624,47.3,1010.6,21.7,36.0,34.0
89.6974,26.9,192916,47.3,1010.7,21.7,26.0,30.0
89.9974,26.9,195793,47.4,1010.7,21.6,24.0,28.0
90.2974,26.9,200626,47.5,1010.7,21.6,58.0,56.0
90.5974,26.9,191939,47.5,1010.7,21.6,113.0,113.0
90.8973,27.0,192698,47.8,1010.6,21.7,113.0,113.0
91.1973,27.0,205087,47.9,1010.7,21.6,112.0,115.0
91.4973,27.0,214091,47.9,1010.7,21.6,123.0,120.0
91.7973,27.0,184438,47.7,1010.7,21.7,118.0,120.0
92.0973,27.0,185843,47.8,1010.7,21.6,111.0,111.0
92.3973,27.0,193682,48.0,1010.7,21.6,109.0,110.0
92.6973,27.0,181882,48.1,1010.7,21.7,110.0,110.0
92.9973,27.0,186861,48.3,1010.7,21.7,111.0,110.0
93.2972,27.0,181303,48.5,1010.7,21.6,112.0,111.0
93.5972,27.0,180345,48.7,1010.7,21.6,111.0,111.0
93.8972,27.0,185440,48.9,1010.7,21.6,111.0,111.0
94.1972,27.0,180154,49.0,1010.6,21.7,111.0,111.0
94.4972,26.9,191401,49.2,1010.6,21.7,112.0,110.0
94.7972,26.9,186046,49.2,1010.6,21.7,112.0,110.0
95.0972,26.9,193134,49.3,1010.6,21.8,112.0,110.0
95.3972,26.9,194012,49.3,1010.6,21.7,112.0,110.0
95.6971,26.9,185843,49.3,1010.6,21.7,112.0,110.0
95.9971,26.9,185641,49.4,1010.6,21.7,111.0,111.0
96.2971,27.0,183644,49.6,1010.7,21.6,111.0,111.0
96.5971,27.0,191187,49.7,1010.7,21.6,111.0,111.0
96.8971,27.0,200744,49.7,1010.7,21.6,111.0,111.0
97.1971,27.0,193134,49.5,1010.7,21.6,111.0,111.0
97.4971,27.0,196243,49.5,1010.7,21.6,111.0,111.0
97.7971,27.0,203134,49.4,1010.7,21.6,112.0,111.0
98.097,27.0,197950,49.3,1010.7,21.6,112.0,111.0
98.397,27.0,195345,49.3,1010.7,21.6,112.0,111.0
98.697,27.0,194565,49.3,1010.7,21.6,112.0,111.0
98.997,27.0,193244,49.3,1010.6,21.7,111.0,111.0
99.297,27.0,198873,49.4,1010.6,21.7,111.0,111.0
99.597,27.0,179775,49.4,1010.6,21.7,112.0,111.0
99.897,27.0,184238,49.5,1010.6,21.7,112.0,111.0
100.197,27.0,197721,49.5,1010.6,21.7,112.0,111.0
100.497,27.0,192589,49.5,1010.7,21.7,112.0,111.0
100.797,27.0,192807,49.5,1010.6,21.7,112.0,111.0
101.097,27.0,191509,49.5,1010.6,21.7,112.0,111.0
101.397,27.0,182271,49.6,1010.6,21.7,112.0,111.0
101.697,27.0,195457,49.8,1010.6,21.8,112.0,111.0
101.997,27.0,176066,49.8,1010.6,21.7,111.0,111.0
102.297,27.0,172856,50.0,1010.6,21.7,115.0,111.0
102.597,26.9,182857,50.2,1010.6,21.7,111.0,111.0
102.897,26.9,171639,50.4,1010.6,21.8,115.0,111.0
103.197,26.9,178086,50.6,1010.6,21.8,115.0,111.0
103.497,26.9,176612,50.7,1010.6,21.8,115.0,111.0
103.797,26.9,184238,50.8,1010.6,21.8,113.0,112.0
104.097,26.9,194454,50.8,1010.6,21.8,115.0,111.0
104.397,26.9,178272,50.7,1010.6,21.8,115.0,111.0
104.697,26.9,182857,50.8,1010.6,21.7,113.0,112.0
104.997,26.9,184837,50.8,1010.6,21.7,113.0,112.0
105.297,26.9,184238,50.7,1010.6,21.8,113.0,112.0
105.597,26.9,185238,50.6,1010.6,21.9,113.0,112.0
105.897,26.9,173382,50.5,1010.6,21.8,112.0,111.0
106.197,26.9,180727,50.6,1010.6,21.8,112.0,111.0
106.497,26.9,187271,50.6,1010.6,21.8,113.0,112.0
106.797,26.9,179586,50.5,1010.6,21.8,113.0,112.0
107.097,26.9,191616,50.6,1010.6,21.8,113.0,112.0
107.397,26.9,177531,50.5,1010.6,21.8,113.0,112.0
107.697,26.9,190973,50.5,1010.6,21.9,117.0,110.0
107.997,26.9,198873,50.5,1010.6,21.9,115.0,111.0
108.297,26.9,178833,50.3,1010.6,21.9,115.0,111.0
108.597,26.9,191294,50.3,1010.6,21.9,115.0,111.0
108.897,26.9,182661,50.2,1010.6,22.0,113.0,112.0
109.197,26.9,185037,50.2,1010.6,22.0,115.0,111.0
109.497,26.9,195905,50.2,1010.6,21.9,115.0,111.0
109.797,26.9,177162,50.2,1010.6,21.9,115.0,111.0
110.097,26.9,179586,50.3,1010.6,21.9,115.0,111.0
110.397,26.9,193902,50.3,1010.6,21.9,115.0,111.0
110.697,26.9,176430,50.4,1010.6,21.8,115.0,111.0
110.997,26.9,185238,50.4,1010.6,21.8,117.0,110.0
111.297,26.9,174982,50.4,1010.6,21.8,113.0,112.0
111.596,26.9,180154,50.5,1010.6,21.9,115.0,111.0
111.896,26.9,194676,50.5,1010.6,21.8,113.0,112.0
112.196,26.9,180154,50.6,1010.6,21.9,113.0,112.0
112.496,26.9,192807,50.6,1010.6,21.8,113.0,112.0
112.796,26.9,181882,50.6,1010.6,21.8,115.0,111.0
113.096,26.9,181882,50.6,1010.6,21.8,113.0,112.0
113.396,26.9,196696,50.6,1010.6,21.8,113.0,112.0
113.696,26.9,174090,50.5,1010.6,21.8,113.0,112.0
113.996,26.9,186656,50.6,1010.6,21.8,117.0,110.0
114.296,26.9,197264,50.5,1010.6,21.8,115.0,111.0
114.596,26.9,177716,50.5,1010.6,21.8,115.0,111.0
114.896,26.9,183053,50.6,1010.6,21.9,117.0,110.0
115.196,26.9,173913,50.7,1010.6,21.9,115.0,111.0
115.496,26.9,174446,50.8,1010.6,21.9,115.0,111.0
115.796,26.9,193572,50.9,1010.6,21.9,115.0,111.0
116.096,26.9,176978,50.8,1010.6,21.8,115.0,111.0
116.396,26.9,191832,50.7,1010.6,21.8,115.0,111.0
116.696,26.9,186861,50.6,1010.6,21.8,115.0,111.0
116.996,26.9,180345,50.6,1010.6,21.7,115.0,111.0
117.296,26.9,199338,50.5,1010.6,21.8,115.0,111.0
117.596,26.9,176795,50.5,1010.6,21.8,115.0,111.0
117.896,26.8,178459,50.6,1010.6,21.7,112.0,111.0
118.196,26.8,196582,50.6,1010.6,21.8,112.0,111.0
118.496,26.8,178086,50.5,1010.6,21.8,112.0,111.0
118.796,26.8,194676,50.5,1010.6,21.8,112.0,111.0
119.096,26.8,185641,50.4,1010.6,21.8,112.0,111.0
119.396,26.8,176247,50.3,1010.6,21.7,114.0,110.0
119.696,26.8,191724,50.4,1010.6,21.7,112.0,111.0
119.996,26.8,171639,50.3,1010.7,21.6,112.0,111.0
120.296,26.8,183644,50.5,1010.7,21.6,112.0,111.0
120.596,26.8,196696,50.4,1010.7,21.6,112.0,111.0
120.896,26.8,182661,50.3,1010.7,21.5,112.0,111.0
121.196,26.8,192156,50.3,1010.7,21.6,113.0,112.0
121.496,26.8,197607,50.1,1010.7,21.6,112.0,113.0
121.796,26.8,194899,50.0,1010.7,21.6,113.0,112.0
122.096,26.8,198180,49.9,1010.6,21.7,115.0,111.0
122.396,26.8,198411,49.8,1010.6,21.8,115.0,111.0
122.696,26.9,198411,49.6,1010.6,21.8,113.0,112.0
122.996,26.9,205581,49.5,1010.6,21.8,113.0,112.0
123.296,26.9,210266,49.3,1010.6,21.7,113.0,112.0
123.596,26.9,213823,49.0,1010.6,21.8,117.0,110.0
123.896,26.9,195233,48.8,1010.6,21.8,115.0,111.0
124.196,26.9,196809,48.8,1010.6,21.8,115.0,111.0
124.496,26.9,204595,48.8,1010.6,21.8,112.0,111.0
124.796,26.9,197836,48.9,1010.6,21.8,112.0,111.0
125.096,26.9,197150,48.9,1010.6,21.8,115.0,111.0
125.396,26.9,201813,48.9,1010.6,21.8,115.0,111.0
125.696,26.9,202531,48.9,1010.6,21.8,117.0,110.0
125.996,26.9,202411,48.8,1010.6,21.9,117.0,110.0
126.296,26.9,204595,48.8,1010.6,22.0,115.0,111.0
126.596,26.9,206576,48.7,1010.6,22.0,115.0,111.0
126.896,26.9,214360,48.7,1010.6,22.0,115.0,111.0
127.196,26.9,213689,48.5,1010.6,22.1,117.0,110.0
127.496,26.9,200039,48.3,1010.6,22.0,115.0,111.0
127.796,26.9,210916,48.3,1010.6,22.0,111.0,111.0
128.096,26.9,218057,48.2,1010.6,22.0,109.0,110.0
128.396,26.9,218616,47.9,1010.6,22.0,112.0,109.0
128.696,26.9,218896,47.7,1010.6,22.0,111.0,110.0
128.996,26.9,221166,47.5,1010.6,22.0,113.0,110.0
129.296,26.9,192156,47.3,1010.6,22.0,111.0,111.0
129.596,26.9,182661,47.5,1010.6,21.9,112.0,111.0
129.896,26.9,186046,47.8,1010.6,21.9,112.0,111.0
130.196,26.9,191509,48.1,1010.6,21.9,112.0,111.0
130.496,26.9,184637,48.4,1010.6,21.9,112.0,111.0
130.796,26.9,203376,48.7,1010.6,21.9,112.0,111.0
131.096,26.9,186046,48.7,1010.6,21.9,112.0,111.0
131.396,26.9,179586,48.8,1010.6,21.9,114.0,110.0
131.696,26.9,192698,49.0,1010.6,21.9,114.0,110.0
131.996,27.0,182857,49.2,1010.6,21.9,112.0,111.0
132.296,27.0,192264,49.4,1010.6,21.9,112.0,111.0
132.596,27.0,202651,49.5,1010.6,21.9,112.0,111.0
132.896,27.0,193463,49.4,1010.6,21.9,112.0,111.0
133.196,27.0,198295,49.4,1010.6,21.9,114.0,110.0
133.496,27.0,178086,49.4,1010.6,22.0,112.0,111.0
133.796,27.0,171123,49.6,1010.6,21.9,111.0,111.0
134.096,27.0,178272,49.8,1010.6,22.0,111.0,111.0
134.396,27.0,177346,49.9,1010.6,22.0,113.0,110.0
134.696,27.0,194233,50.1,1010.6,22.0,113.0,110.0
134.996,27.0,181689,50.0,1010.6,22.0,111.0,111.0
135.296,27.0,181110,50.0,1010.6,22.0,111.0,111.0
135.596,27.0,194565,50.1,1010.6,21.9,114.0,110.0
135.896,27.0,177346,50.0,1010.6,21.9,112.0,111.0
136.195,27.0,182857,50.1,1010.6,21.8,112.0,111.0
136.495,27.0,194676,50.1,1010.6,21.8,111.0,111.0
136.795,27.0,186453,50.0,1010.6,21.9,111.0,111.0
137.095,27.0,195905,50.0,1010.6,21.9,111.0,111.0
137.395,27.0,197721,49.9,1010.6,21.8,113.0,110.0
137.695,27.0,178272,49.8,1010.6,21.9,113.0,110.0
137.995,27.0,196923,49.8,1010.6,21.9,111.0,111.0
138.295,27.0,184637,49.7,1010.6,21.9,111.0,111.0
138.595,27.0,198411,49.7,1010.6,21.9,113.0,110.0
138.895,27.0,198873,49.5,1010.6,21.9,111.0,111.0
139.195,27.0,193902,49.5,1010.6,21.9,111.0,111.0
139.495,27.0,203862,49.4,1010.6,22.0,111.0,111.0
139.795,27.0,183446,49.3,1010.6,21.9,111.0,111.0
140.095,27.0,193682,49.3,1010.6,21.9,111.0,111.0
140.395,27.0,186656,49.4,1010.6,21.9,112.0,111.0
140.695,27.0,197607,49.5,1010.6,22.0,111.0,111.0
140.995,27.0,201336,49.5,1010.6,22.0,111.0,111.0
141.295,27.0,184238,49.3,1010.6,22.0,111.0,111.0
141.595,27.0,194012,49.3,1010.6,21.9,111.0,111.0
141.895,27.0,201574,49.3,1010.6,21.9,112.0,111.0
142.195,27.0,192264,49.2,1010.6,21.9,115.0,111.0
142.495,27.0,192589,49.2,1010.6,21.8,115.0,111.0
142.795,27.0,200391,49.2,1010.6,21.8,115.0,111.0
143.095,27.0,195457,49.1,1010.6,21.8,112.0,111.0
143.395,27.0,198526,49.1,1010.6,21.8,114.0,109.0
143.695,27.0,204840,49.0,1010.6,21.8,110.0,110.0
143.995,27.0,210008,48.9,1010.6,21.8,110.0,110.0
144.295,27.0,216536,48.7,1010.6,21.8,110.0,110.0
144.595,27.0,218197,48.4,1010.6,21.8,110.0,110.0
144.895,27.0,221741,48.1,1010.6,21.8,112.0,110.0
145.195,27.0,222608,47.8,1010.6,21.9,111.0,111.0
145.495,27.0,211439,47.5,1010.6,21.8,115.0,111.0
145.795,27.0,211177,47.5,1010.6,21.8,115.0,110.0
146.095,27.0,207834,47.4,1010.6,21.8,112.0,111.0
146.395,27.0,196018,47.5,1010.6,21.9,114.0,109.0
146.695,27.0,204840,47.7,1010.6,21.9,113.0,110.0
146.995,27.0,210396,47.8,1010.6,21.9,111.0,110.0
147.295,27.0,214091,47.8,1010.6,22.0,111.0,110.0
147.595,27.0,215171,47.8,1010.6,22.0,111.0,110.0
147.895,27.0,218756,47.6,1010.6,22.1,111.0,110.0
148.195,27.0,223336,47.5,1010.6,22.0,112.0,111.0
148.495,27.0,224956,47.3,1010.6,22.0,114.0,110.0
148.795,27.0,225252,47.0,1010.6,22.0,112.0,111.0
149.095,27.0,228418,46.8,1010.6,22.0,111.0,111.0
149.395,27.0,216811,46.5,1010.6,21.9,112.0,111.0
149.695,27.0,213288,46.4,1010.6,21.9,111.0,111.0
149.995,27.0,217087,46.5,1010.6,22.0,113.0,110.0
150.295,27.0,214091,46.4,1010.6,22.0,113.0,110.0
150.595,27.0,216811,46.5,1010.6,22.0,111.0,111.0
150.895,27.0,216261,46.4,1010.6,21.9,111.0,111.0
151.195,27.0,182466,46.4,1010.6,21.9,114.0,109.0
151.495,27.0,184637,46.7,1010.6,22.0,112.0,110.0
151.795,27.0,177716,47.2,1010.6,22.0,112.0,111.0
152.095,27.0,196243,47.6,1010.6,21.9,114.0,110.0
152.395,27.0,203862,47.8,1010.6,22.0,115.0,111.0
152.695,27.0,202052,47.8,1010.6,22.0,115.0,111.0
152.995,27.0,205829,47.9,1010.6,22.0,114.0,111.0
153.295,27.0,210916,47.8,1010.6,22.0,112.0,111.0
153.595,27.0,200509,47.8,1010.6,21.9,115.0,111.0
153.895,27.0,212227,47.8,1010.6,22.0,112.0,111.0
154.195,27.0,195457,47.7,1010.6,22.0,115.0,111.0
154.495,27.0,192481,47.7,1010.6,22.0,112.0,111.0
154.795,27.0,203497,47.8,1010.6,22.0,115.0,111.0
155.095,27.0,192156,47.8,1010.6,22.0,113.0,112.0
155.395,27.0,199921,47.9,1010.6,22.0,115.0,111.0
155.695,27.0,205333,48.0,1010.6,21.9,113.0,112.0
155.995,27.0,191080,48.0,1010.6,21.9,113.0,112.0
156.295,27.0,201455,48.1,1010.6,21.9,113.0,112.0
156.595,27.0,196696,48.1,1010.6,21.9,115.0,111.0
156.895,27.0,185037,48.0,1010.6,21.9,113.0,112.0
157.195,27.0,196243,48.2,1010.6,21.9,113.0,112.0
157.495,27.0,191939,48.2,1010.6,21.9,113.0,112.0
157.795,27.0,185440,48.3,1010.6,21.9,113.0,112.0
158.095,27.0,195457,48.4,1010.6,22.0,111.0,111.0
158.395,27.0,199105,48.5,1010.6,22.0,112.0,111.0
158.695,27.0,202291,48.4,1010.6,22.1,112.0,111.0
158.995,27.0,193902,48.3,1010.6,22.0,112.0,111.0
159.295,27.0,195345,48.3,1010.6,22.1,115.0,111.0
159.595,27.0,193025,48.4,1010.6,22.0,112.0,111.0
159.895,27.0,198411,48.4,1010.6,22.0,111.0,111.0
160.195,27.0,197836,48.4,1010.6,22.0,112.0,111.0
160.495,27.0,200626,48.3,1010.6,22.0,114.0,112.0
160.794,27.0,205087,48.1,1010.6,22.0,112.0,113.0
161.094,27.0,202171,47.9,1010.6,22.0,113.0,112.0
161.394,27.0,199804,47.8,1010.6,22.1,115.0,111.0
161.694,27.0,202651,47.7,1010.6,22.0,111.0,111.0
161.994,27.0,207707,47.6,1010.6,22.0,111.0,111.0
162.294,27.0,213555,47.5,1010.6,22.0,113.0,110.0
162.594,27.0,215578,47.3,1010.6,22.0,111.0,111.0
162.894,27.0,192372,47.1,1010.6,22.0,112.0,110.0
163.194,27.0,186249,47.2,1010.6,22.0,112.0,110.0
163.494,27.0,184637,47.3,1010.6,22.1,114.0,109.0
163.794,27.0,193025,47.5,1010.6,22.0,111.0,111.0
164.094,27.0,181110,47.7,1010.6,22.0,111.0,111.0
164.394,27.0,196582,47.9,1010.6,22.0,111.0,111.0
164.694,27.0,184438,48.1,1010.6,22.0,112.0,111.0
164.994,27.0,185641,48.3,1010.6,22.0,111.0,111.0
165.294,27.0,197836,48.4,1010.6,22.0,111.0,110.0
165.594,27.0,203984,48.4,1010.6,22.0,112.0,111.0
165.894,27.0,213555,48.2,1010.6,22.0,114.0,110.0
166.194,27.0,184238,48.0,1010.6,21.9,114.0,110.0
166.494,27.0,197607,47.8,1010.6,22.0,115.0,111.0
166.794,27.0,193463,47.7,1010.6,22.0,116.0,113.0
167.094,27.0,195457,47.6,1010.6,22.0,115.0,113.0
167.394,27.0,199571,47.5,1010.6,21.9,116.0,111.0
167.694,27.0,202772,47.4,1010.6,21.9,117.0,113.0
167.994,27.0,204840,47.3,1010.6,21.9,117.0,115.0
168.294,27.0,213823,47.2,1010.6,21.9,118.0,114.0
168.594,27.0,218197,47.1,1010.6,21.9,122.0,114.0
168.894,27.0,225550,46.8,1010.6,21.9,120.0,115.0
169.194,27.0,227202,46.5,1010.6,22.0,120.0,115.0
169.494,27.0,229339,46.2,1010.6,22.0,120.0,115.0
169.794,27.0,231517,45.9,1010.6,22.0,116.0,112.0
170.094,27.0,201813,45.7,1010.6,22.0,112.0,113.0
170.394,27.0,196018,45.8,1010.6,22.0,107.0,110.0
170.694,27.0,194787,46.1,1010.6,21.9,106.0,110.0
170.994,27.0,178272,46.3,1010.6,22.0,106.0,110.0
171.294,27.0,179964,46.7,1010.6,22.1,108.0,109.0
171.594,27.0,187271,47.1,1010.6,22.1,106.0,110.0
171.894,27.1,175162,47.5,1010.6,22.1,106.0,110.0
172.194,27.1,173031,47.8,1010.6,22.0,107.0,110.0
172.494,27.1,184438,48.2,1010.6,22.0,107.0,110.0
172.794,27.1,178272,48.4,1010.6,22.0,109.0,109.0
173.094,27.1,183249,48.6,1010.6,22.0,107.0,110.0
173.394,27.1,185440,48.7,1010.6,22.0,106.0,110.0
173.694,27.1,177346,48.8,1010.6,22.0,106.0,110.0
173.994,27.1,191509,49.0,1010.6,22.0,106.0,110.0
174.294,27.1,183644,49.0,1010.6,22.0,106.0,110.0
174.594,27.1,180727,49.0,1010.6,22.0,107.0,110.0
174.894,27.1,194012,49.1,1010.6,22.0,107.0,110.0
175.194,27.1,181495,49.1,1010.6,22.0,111.0,108.0
175.494,27.1,186656,49.1,1010.6,21.9,107.0,110.0
175.794,27.1,193134,49.1,1010.6,21.9,109.0,109.0
176.094,27.1,186656,49.1,1010.6,21.9,108.0,109.0
176.394,27.1,198065,49.2,1010.6,21.9,108.0,109.0
176.694,27.1,206451,49.0,1010.6,22.0,106.0,110.0
176.994,27.1,207581,48.8,1010.6,22.0,106.0,110.0
177.294,27.1,213422,48.5,1010.6,22.0,106.0,110.0
177.594,27.1,215988,48.2,1010.6,22.0,110.0,108.0
177.894,27.1,201813,48.0,1010.6,22.0,106.0,110.0
178.194,27.1,212889,48.0,1010.6,22.0,104.0,111.0
178.494,27.1,218896,47.9,1010.6,21.9,102.0,98.0
178.794,27.1,223336,47.6,1010.6,21.9,106.0,110.0
179.094,27.1,224807,47.3,1010.6,21.9,108.0,110.0
179.394,27.1,223629,47.0,1010.6,21.9,108.0,110.0
179.694,27.1,203984,46.8,1010.6,21.9,109.0,109.0
179.994,27.1,210008,46.9,1010.6,22.0,108.0,110.0
180.294,27.1,214091,46.9,1010.6,22.0,107.0,110.0
180.594,27.1,206077,46.9,1010.6,22.0,108.0,110.0
180.894,27.1,208724,47.0,1010.6,22.0,108.0,110.0
181.194,27.1,211177,47.0,1010.6,22.0,108.0,110.0
181.494,27.1,204228,47.1,1010.6,22.0,109.0,110.0
181.794,27.1,211439,47.1,1010.6,22.0,111.0,109.0
182.094,27.1,213022,47.1,1010.6,22.0,111.0,109.0
182.394,27.1,218616,47.1,1010.6,22.0,109.0,110.0
182.694,27.1,217363,46.9,1010.6,22.0,111.0,109.0
182.994,27.1,220880,46.8,1010.6,22.0,111.0,109.0
183.294,27.1,227202,46.5,1010.6,21.9,111.0,109.0
183.594,27.1,227050,46.3,1010.6,22.0,111.0,109.0
183.894,27.1,227808,46.0,1010.6,22.0,110.0,110.0
184.194,27.1,220452,45.8,1010.6,22.0,109.0,110.0
184.494,27.1,212757,45.7,1010.6,22.0,110.0,110.0
184.794,27.1,216811,45.8,1010.6,22.0,110.0,110.0
185.093,27.1,218057,45.8,1010.6,22.0,109.0,110.0
185.393,27.1,213555,45.9,1010.6,22.0,110.0,110.0
185.693,27.1,221023,45.9,1010.6,22.0,110.0,110.0
185.993,27.1,224956,45.9,1010.6,22.0,110.0,110.0
186.293,27.1,225401,45.8,1010.6,22.0,111.0,110.0
186.593,27.1,228113,45.7,1010.6,22.0,111.0,110.0
186.893,27.1,226749,45.6,1010.6,21.9,110.0,110.0
187.193,27.1,228265,45.6,1010.6,22.0,112.0,110.0
187.493,27.1,228724,45.5,1010.6,22.0,112.0,110.0
187.793,27.1,225252,45.4,1010.6,21.9,112.0,110.0
188.093,27.1,225998,45.4,1010.6,21.9,112.0,110.0
188.393,27.1,225401,45.3,1010.6,21.9,112.0,110.0
188.693,27.1,225699,45.3,1010.6,21.9,112.0,110.0
188.993,27.1,228265,45.3,1010.6,21.9,112.0,110.0
189.293,27.1,228265,45.2,1010.6,21.9,112.0,110.0
189.593,27.1,229493,45.2,1010.6,21.9,112.0,110.0
189.893,27.1,230423,45.0,1010.6,21.9,112.0,110.0
190.193,27.1,227202,44.9,1010.6,21.9,112.0,110.0
190.493,27.1,230112,44.8,1010.6,22.0,112.0,110.0
190.793,27.1,229031,44.7,1010.6,21.9,110.0,111.0
191.093,27.1,214091,44.7,1010.6,21.9,112.0,110.0
191.393,27.1,225252,44.8,1010.6,21.9,112.0,110.0
191.693,27.1,225252,44.9,1010.6,21.9,112.0,110.0
191.993,27.1,221596,44.9,1010.6,22.0,112.0,110.0
192.293,27.1,224807,44.8,1010.6,22.0,112.0,110.0
192.593,27.1,225849,44.8,1010.6,22.0,112.0,110.0
192.893,27.1,226148,44.8,1010.6,21.9,112.0,110.0
193.193,27.1,216124,44.7,1010.6,22.0,112.0,110.0
193.493,27.1,205953,44.8,1010.6,22.0,112.0,110.0
193.793,27.1,214495,45.0,1010.6,22.0,111.0,111.0
194.093,27.1,219459,45.2,1010.6,22.0,112.0,110.0
194.393,27.1,219459,45.1,1010.6,22.0,113.0,110.0
194.693,27.1,224659,45.1,1010.6,22.0,112.0,110.0
194.993,27.1,228418,45.0,1010.6,22.0,111.0,111.0
195.293,27.1,228877,44.9,1010.6,22.0,112.0,110.0
195.593,27.1,229493,44.7,1010.6,22.0,112.0,110.0
195.893,27.1,208851,44.6,1010.6,22.0,112.0,110.0
196.193,27.1,213823,44.7,1010.6,22.0,112.0,110.0
196.493,27.1,220880,44.8,1010.6,22.0,112.0,110.0
196.793,27.1,219178,44.9,1010.6,21.9,112.0,110.0
197.093,27.1,220880,44.9,1010.6,21.9,112.0,110.0
197.393,27.1,217918,45.0,1010.6,22.0,112.0,110.0
197.693,27.1,206202,45.1,1010.6,22.0,113.0,110.0
197.993,27.1,215035,45.3,1010.6,22.0,111.0,111.0
198.293,27.1,201455,45.3,1010.6,22.0,112.0,110.0
198.593,27.1,201099,45.5,1010.6,22.0,112.0,110.0
198.893,27.1,207960,45.7,1010.6,21.9,112.0,110.0
199.193,27.1,198411,45.8,1010.6,21.9,110.0,111.0
199.493,27.1,201218,46.0,1010.6,21.8,110.0,111.0
199.793,27.1,210396,46.2,1010.6,21.8,112.0,110.0
200.093,27.1,193792,46.2,1010.6,21.9,112.0,110.0
200.393,27.1,201932,46.4,1010.6,21.9,112.0,110.0
200.693,27.1,210656,46.5,1010.6,21.8,112.0,110.0
200.993,27.1,183842,46.6,1010.6,21.9,112.0,110.0
201.293,27.2,186453,46.8,1010.6,21.9,112.0,110.0
201.593,27.2,194233,47.0,1010.6,21.9,112.0,110.0
201.893,27.2,205581,47.1,1010.6,21.9,108.0,110.0
202.193,27.2,212624,47.2,1010.6,21.9,108.0,110.0
202.493,27.2,215851,47.0,1010.6,21.9,109.0,110.0
202.793,27.2,219459,46.8,1010.6,21.9,109.0,110.0
203.093,27.2,223922,46.5,1010.6,21.9,109.0,110.0
203.393,27.2,228113,46.2,1010.6,21.8,110.0,110.0
203.693,27.2,228113,45.9,1010.6,21.8,102.0,100.0
203.993,27.2,217363,45.5,1010.6,21.9,111.0,110.0
204.293,27.2,194565,45.4,1010.6,21.8,108.0,110.0
204.593,27.2,202171,45.7,1010.6,21.8,108.0,110.0
204.893,27.2,186046,45.9,1010.6,21.8,108.0,110.0
205.193,27.2,198180,46.2,1010.6,21.8,109.0,110.0
205.493,27.1,209492,46.3,1010.6,21.8,110.0,110.0
205.793,27.2,194012,46.4,1010.6,21.7,110.0,110.0
206.093,27.2,198180,46.6,1010.6,21.8,111.0,110.0
206.393,27.2,190866,46.7,1010.6,21.8,110.0,110.0
206.693,27.2,183053,46.9,1010.6,21.8,110.0,110.0
206.993,27.2,195905,47.2,1010.6,21.8,111.0,110.0
207.293,27.2,193244,47.3,1010.6,21.8,111.0,110.0
207.593,27.2,197721,47.4,1010.6,21.8,111.0,110.0
207.893,27.2,203376,47.4,1010.6,21.8,110.0,110.0
208.193,27.2,196243,47.5,1010.6,21.8,111.0,110.0
208.493,27.2,211177,47.5,1010.6,21.8,111.0,110.0
208.793,27.2,201574,47.4,1010.6,21.8,110.0,110.0
209.093,27.2,200156,47.4,1010.6,21.7,111.0,110.0
209.393,27.2,199221,47.4,1010.6,21.7,111.0,110.0
209.693,27.2,185843,47.5,1010.6,21.7,111.0,110.0
209.992,27.2,200626,47.8,1010.6,21.8,111.0,110.0
210.292,27.2,191509,47.9,1010.6,21.8,112.0,110.0
210.592,27.2,194123,47.9,1010.6,21.8,126.0,120.0
210.892,27.2,202291,48.0,1010.6,21.8,128.0,124.0
211.192,27.2,212889,47.9,1010.6,21.8,129.0,124.0
211.492,27.2,215851,47.6,1010.6,21.7,120.0,117.0
211.792,27.2,217918,47.3,1010.6,21.8,115.0,111.0
212.092,27.2,198873,46.9,1010.6,21.8,109.0,110.0
212.392,27.2,199804,46.8,1010.6,21.8,109.0,110.0
212.692,27.2,201813,46.9,1010.6,21.8,111.0,110.0
212.992,27.2,210526,46.9,1010.6,21.7,112.0,110.0
213.292,27.2,218616,46.7,1010.6,21.7,111.0,110.0
213.592,27.2,222753,46.5,1010.6,21.8,111.0,110.0
213.892,27.2,223190,46.2,1010.6,21.8,111.0,110.0
214.192,27.2,225699,45.9,1010.6,21.8,111.0,110.0
214.492,27.2,226298,45.6,1010.6,21.8,111.0,110.0
214.792,27.2,229802,45.4,1010.6,21.7,111.0,110.0
215.092,27.2,231046,45.1,1010.6,21.7,111.0,110.0
215.392,27.2,229493,44.9,1010.6,21.7,111.0,110.0
215.692,27.2,229957,44.7,1010.6,21.8,111.0,110.0
215.992,27.2,230734,44.5,1010.6,21.7,111.0,110.0
216.292,27.2,229957,44.4,1010.6,21.7,111.0,110.0
216.592,27.2,230112,44.3,1010.6,21.7,111.0,110.0
216.892,27.2,228571,44.3,1010.6,21.8,112.0,110.0
217.192,27.2,225699,44.3,1010.6,21.7,112.0,110.0
217.492,27.2,228265,44.3,1010.6,21.7,112.0,110.0
217.792,27.2,228113,44.3,1010.6,21.8,112.0,110.0
218.092,27.2,220025,44.2,1010.6,21.8,114.0,109.0
218.392,27.2,224070,44.2,1010.6,21.7,112.0,110.0
218.692,27.2,227504,44.2,1010.6,21.7,112.0,110.0
218.992,27.2,230267,44.2,1010.6,21.7,113.0,112.0
219.292,27.2,230890,44.1,1010.6,21.7,111.0,110.0
219.592,27.2,220594,44.1,1010.6,21.7,112.0,110.0
219.892,27.2,218336,44.1,1010.6,21.8,111.0,109.0
220.192,27.2,223190,44.2,1010.6,21.8,54.0,54.0
220.492,27.2,225699,44.3,1010.6,21.7,51.0,54.0
220.792,27.2,226900,44.3,1010.6,21.8,95.0,91.0
221.092,27.2,227353,44.3,1010.6,21.7,113.0,110.0
221.392,27.2,227504,44.2,1010.6,21.7,115.0,109.0
221.692,27.2,229339,44.1,1010.6,21.7,114.0,109.0
221.992,27.2,227353,44.1,1010.6,21.8,112.0,110.0
222.292,27.2,205210,44.1,1010.6,21.8,112.0,111.0
222.592,27.2,202171,44.3,1010.6,21.8,111.0,111.0
222.892,27.2,211570,44.6,1010.6,21.8,111.0,111.0
223.192,27.2,215715,44.8,1010.6,21.7,113.0,113.0
223.492,27.2,220025,44.9,1010.6,21.7,115.0,111.0
223.792,27.2,223483,44.9,1010.6,21.7,112.0,111.0
224.092,27.2,225252,44.8,1010.7,21.7,111.0,111.0
224.392,27.2,223336,44.7,1010.6,21.7,111.0,111.0
224.692,27.2,205333,44.6,1010.6,21.7,112.0,111.0
224.992,27.2,202772,44.7,1010.6,21.7,113.0,110.0
225.292,27.2,207203,45.1,1010.6,21.7,112.0,111.0
225.592,27.2,204840,45.4,1010.6,21.7,111.0,111.0
225.892,27.2,209235,45.6,1010.7,21.6,111.0,111.0
226.192,27.2,215306,45.7,1010.7,21.6,115.0,109.0
226.492,27.2,199571,45.7,1010.7,21.6,114.0,109.0
226.792,27.2,193134,45.9,1010.7,21.5,113.0,110.0
227.092,27.2,193902,46.3,1010.7,21.6,111.0,111.0
227.392,27.2,195681,46.6,1010.7,21.6,111.0,111.0
227.692,27.2,203013,46.9,1010.7,21.6,111.0,111.0
227.992,27.2,208724,46.9,1010.7,21.7,112.0,110.0
228.292,27.2,211832,46.8,1010.7,21.6,112.0,110.0
228.592,27.2,211308,46.6,1010.6,21.7,110.0,111.0
228.892,27.2,209621,46.5,1010.7,21.6,111.0,111.0
229.192,27.2,215988,46.5,1010.7,21.6,113.0,110.0
229.492,27.2,220737,46.3,1010.7,21.6,111.0,111.0
229.792,27.2,225104,46.0,1010.7,21.6,113.0,110.0
230.092,27.2,224070,45.7,1010.7,21.6,114.0,109.0
230.392,27.2,225104,45.5,1010.7,21.6,112.0,110.0
230.692,27.2,226298,45.2,1010.7,21.6,115.0,109.0
230.992,27.2,228724,45.0,1010.7,21.6,111.0,111.0
231.292,27.2,227656,44.8,1010.7,21.7,112.0,110.0
231.592,27.2,227504,44.6,1010.6,21.7,114.0,109.0
231.892,27.2,230578,44.4,1010.6,21.7,111.0,111.0
232.192,27.2,229957,44.2,1010.6,21.7,111.0,111.0
232.492,27.2,228265,44.1,1010.6,21.8,113.0,110.0
232.792,27.2,229031,44.0,1010.6,21.8,111.0,111.0
233.092,27.2,217779,43.9,1010.6,21.8,111.0,111.0
233.392,27.2,223336,44.0,1010.6,21.8,113.0,110.0
233.692,27.2,223045,44.0,1010.6,21.8,111.0,111.0
233.992,27.2,218896,44.0,1010.6,21.8,111.0,111.0
234.292,27.2,220452,44.1,1010.6,21.8,114.0,109.0
234.591,27.2,196131,44.1,1010.6,21.8,114.0,109.0
234.891,27.2,211964,44.4,1010.6,21.7,113.0,110.0
235.191,27.2,207707,44.6,1010.6,21.7,114.0,109.0
235.491,27.2,217225,44.7,1010.6,21.7,114.0,109.0
235.791,27.2,212096,44.8,1010.6,21.7,112.0,110.0
236.091,27.2,201099,44.9,1010.6,21.7,112.0,110.0
236.391,27.2,207960,45.0,1010.6,21.7,112.0,110.0
236.691,27.2,197264,45.2,1010.6,21.7,112.0,110.0
236.991,27.2,203619,45.4,1010.6,21.7,112.0,110.0
237.291,27.2,212624,45.5,1010.7,21.7,114.0,109.0
237.591,27.2,218756,45.5,1010.6,21.7,112.0,110.0
237.891,27.2,196582,45.3,1010.6,21.8,113.0,110.0
238.191,27.2,200156,45.3,1010.6,21.8,111.0,111.0
238.491,27.2,201932,45.5,1010.6,21.7,111.0,111.0
238.791,27.2,197492,45.6,1010.6,21.7,112.0,110.0
239.091,27.2,196356,45.7,1010.6,21.7,112.0,110.0
239.391,27.2,185641,45.9,1010.6,21.7,112.0,110.0
239.691,27.2,193682,46.2,1010.7,21.6,110.0,110.0
239.991,27.2,179208,46.4,1010.7,21.6,111.0,110.0
240.291,27.2,195569,46.7,1010.7,21.6,111.0,110.0
240.591,27.2,186861,46.9,1010.7,21.6,110.0,110.0
240.891,27.2,192807,47.1,1010.7,21.6,111.0,110.0
241.191,27.2,192807,47.2,1010.7,21.7,110.0,110.0
241.491,27.2,182661,47.3,1010.6,21.7,110.0,110.0
241.791,27.2,186453,47.5,1010.7,21.7,108.0,110.0
242.091,27.2,204106,47.6,1010.7,21.6,110.0,109.0
242.391,27.2,209750,47.4,1010.7,21.7,113.0,109.0
242.691,27.2,200626,47.2,1010.7,21.7,111.0,110.0
242.991,27.2,203134,47.0,1010.7,21.7,111.0,110.0
243.291,27.2,199221,47.0,1010.7,21.6,111.0,110.0
243.591,27.2,200156,46.8,1010.7,21.6,100.0,104.0
243.891,27.2,200744,46.8,1010.7,21.6,108.0,110.0
244.191,27.2,206451,46.9,1010.7,21.5,108.0,110.0
244.491,27.2,206826,46.8,1010.7,21.6,111.0,110.0
244.791,27.2,195457,46.7,1010.7,21.6,112.0,110.0
245.091,27.2,198526,46.8,1010.7,21.6,112.0,110.0
245.391,27.2,205210,46.9,1010.7,21.6,112.0,110.0
245.691,27.2,196923,46.8,1010.7,21.6,112.0,110.0
245.991,27.2,202531,46.9,1010.7,21.6,112.0,110.0
246.291,27.2,193244,46.9,1010.6,21.7,112.0,110.0
246.591,27.2,204595,47.0,1010.6,21.7,112.0,110.0
246.891,27.2,200981,46.9,1010.6,21.7,112.0,110.0
247.191,27.2,202651,46.9,1010.6,21.8,112.0,110.0
247.491,27.2,211964,46.9,1010.6,21.8,114.0,109.0
247.791,27.1,207203,46.7,1010.6,21.8,112.0,110.0
248.091,27.1,214765,46.6,1010.6,21.7,112.0,110.0
248.391,27.1,199571,46.4,1010.6,21.7,112.0,110.0
248.691,27.1,197950,46.4,1010.7,21.6,114.0,109.0
248.991,27.1,209492,46.4,1010.7,21.6,114.0,109.0
249.291,27.1,183842,46.4,1010.6,21.7,114.0,109.0
249.591,27.1,202411,46.6,1010.6,21.7,111.0,110.0
249.891,27.1,203984,46.7,1010.6,21.8,111.0,110.0
250.191,27.1,195681,46.7,1010.6,21.8,114.0,109.0
250.491,27.1,200981,46.9,1010.6,21.8,112.0,110.0
250.791,27.1,195905,46.9,1010.6,21.8,112.0,110.0
251.091,27.1,200509,47.0,1010.6,21.7,112.0,110.0
251.391,27.1,196018,47.1,1010.6,21.7,112.0,110.0
251.691,27.1,184238,47.1,1010.6,21.7,112.0,110.0
251.991,27.1,186249,47.3,1010.7,21.6,114.0,109.0
252.291,27.1,185440,47.5,1010.6,21.7,112.0,110.0
252.591,27.1,195681,47.6,1010.6,21.7,114.0,109.0
252.891,27.1,195457,47.6,1010.7,21.6,112.0,110.0
253.191,27.1,187271,47.7,1010.6,21.7,112.0,110.0
253.491,27.1,205333,47.7,1010.6,21.7,112.0,110.0
253.791,27.1,200509,47.7,1010.6,21.7,112.0,110.0
254.091,27.1,204106,47.6,1010.6,21.7,112.0,110.0
254.391,27.1,201099,47.5,1010.6,21.7,112.0,110.0
254.691,27.1,194899,47.5,1010.6,21.7,114.0,109.0
254.991,27.1,209750,47.5,1010.6,21.7,112.0,110.0
255.291,27.1,209621,47.3,1010.6,21.7,112.0,110.0
255.591,27.1,220309,47.1,1010.7,21.7,111.0,110.0
255.891,27.1,213555,46.9,1010.7,21.7,112.0,110.0
256.191,27.1,200863,46.7,1010.6,21.7,112.0,110.0
256.49,27.1,208469,46.6,1010.6,21.7,111.0,110.0
256.79,27.1,205953,46.7,1010.6,21.7,114.0,109.0
257.09,27.1,215171,46.6,1010.6,21.7,112.0,110.0
257.39,27.1,220452,46.5,1010.6,21.7,112.0,110.0
257.69,27.1,204963,46.4,1010.7,21.7,114.0,109.0
257.99,27.1,215851,46.4,1010.7,21.6,112.0,110.0
258.29,27.1,205705,46.3,1010.7,21.7,112.0,110.0
258.59,27.1,215442,46.3,1010.6,21.7,111.0,110.0
258.89,27.1,222753,46.1,1010.6,21.7,110.0,110.0
259.19,27.1,225550,45.9,1010.7,21.6,110.0,110.0
259.49,27.1,226749,45.7,1010.7,21.7,111.0,110.0
259.79,27.1,225401,45.5,1010.7,21.6,111.0,110.0
260.09,27.1,222463,45.4,1010.6,21.7,111.0,110.0
260.39,27.1,225849,45.3,1010.6,21.7,111.0,110.0
260.689,27.1,215578,45.3,1010.6,21.7,111.0,110.0
260.989,27.1,212492,45.3,1010.6,21.7,111.0,110.0
261.289,27.1,217918,45.4,1010.6,21.7,111.0,110.0
261.589,27.1,222463,45.4,1010.6,21.7,111.0,110.0
261.889,27.1,224364,45.3,1010.7,21.7,114.0,109.0
262.189,27.1,213823,45.2,1010.6,21.7,111.0,110.0
262.489,27.1,220025,45.3,1010.7,21.6,112.0,110.0
262.789,27.1,224217,45.4,1010.7,21.6,112.0,110.0
263.089,27.1,223045,45.3,1010.7,21.6,114.0,109.0
263.389,27.1,226749,45.3,1010.7,21.6,112.0,110.0
263.689,27.1,206202,45.2,1010.7,21.6,111.0,111.0
263.989,27.1,211308,45.4,1010.7,21.6,114.0,109.0
264.289,27.1,210396,45.5,1010.7,21.6,113.0,110.0
264.588,27.1,194676,45.7,1010.7,21.6,112.0,110.0
264.888,27.1,200509,45.9,1010.7,21.7,112.0,110.0
265.188,27.1,199338,46.1,1010.7,21.6,112.0,110.0
265.488,27.1,186656,46.3,1010.7,21.6,112.0,110.0
265.788,27.1,202052,46.5,1010.7,21.6,112.0,110.0
266.088,27.1,204472,46.7,1010.7,21.6,114.0,109.0
266.388,27.1,215442,46.7,1010.7,21.5,112.0,110.0
266.688,27.1,201455,46.5,1010.7,21.5,112.0,110.0
266.988,27.1,214900,46.5,1010.7,21.6,112.0,110.0
267.288,27.1,213957,46.5,1010.7,21.6,114.0,109.0
267.588,27.1,214091,46.4,1010.7,21.7,112.0,110.0
267.888,27.1,219037,46.4,1010.7,21.6,111.0,110.0
268.188,27.1,204350,46.3,1010.6,21.7,114.0,109.0
268.488,27.1,210137,46.3,1010.6,21.7,112.0,110.0
268.787,27.1,213288,46.3,1010.6,21.7,112.0,110.0
269.087,27.1,213288,46.3,1010.6,21.7,112.0,110.0
269.387,27.1,217918,46.3,1010.6,21.7,112.0,110.0
269.687,27.1,206077,46.3,1010.7,21.6,112.0,110.0
269.987,27.1,206576,46.3,1010.7,21.6,112.0,110.0
270.287,27.1,192264,46.5,1010.7,21.7,112.0,110.0
270.587,27.1,200039,46.7,1010.7,21.6,112.0,110.0
270.887,27.1,191294,46.8,1010.6,21.7,112.0,110.0
271.187,27.1,191832,47.0,1010.7,21.7,111.0,110.0
271.487,27.1,194676,47.2,1010.7,21.6,112.0,110.0
271.787,27.1,198180,47.3,1010.7,21.6,114.0,109.0
272.087,27.1,207203,47.4,1010.7,21.6,112.0,110.0
272.387,27.1,197150,47.5,1010.7,21.6,114.0,109.0
272.687,27.1,209750,47.5,1010.7,21.6,114.0,109.0
272.986,27.1,211439,47.4,1010.7,21.6,112.0,110.0
273.286,27.1,208087,47.3,1010.7,21.6,112.0,110.0
273.586,27.1,214360,47.2,1010.7,21.6,112.0,110.0
273.886,27.1,206826,47.1,1010.7,21.6,112.0,110.0
274.186,27.1,213022,47.0,1010.7,21.6,112.0,110.0
274.486,27.1,212492,46.9,1010.7,21.6,114.0,109.0
274.786,27.0,217640,46.8,1010.7,21.7,114.0,109.0
275.086,27.0,220025,46.6,1010.7,21.6,114.0,109.0
275.386,27.0,203497,46.5,1010.6,21.7,112.0,110.0
275.686,27.0,208341,46.5,1010.6,21.7,114.0,109.0
275.986,27.0,204963,46.5,1010.6,21.7,114.0,109.0
276.286,27.0,213155,46.5,1010.6,21.7,114.0,109.0
276.586,27.0,219742,46.5,1010.6,21.7,112.0,110.0
276.885,27.0,208979,46.5,1010.6,21.7,112.0,110.0
277.185,27.0,209750,46.5,1010.7,21.6,113.0,109.0
277.485,27.0,208341,46.5,1010.6,21.7,114.0,109.0
277.785,27.0,214900,46.5,1010.7,21.6,114.0,109.0
278.085,27.0,221741,46.4,1010.7,21.6,112.0,110.0
278.385,27.0,215715,46.3,1010.7,21.6,112.0,110.0
278.685,27.0,221885,46.3,1010.7,21.6,114.0,109.0
278.985,27.0,219178,46.2,1010.7,21.6,112.0,110.0
279.285,27.0,222463,46.1,1010.7,21.6,112.0,110.0
279.585,27.0,220167,46.0,1010.6,21.7,112.0,110.0
279.885,27.0,214900,46.0,1010.7,21.7,112.0,110.0
280.185,27.0,222899,46.0,1010.7,21.6,109.0,110.0
280.485,27.0,223922,45.9,1010.7,21.7,110.0,110.0
280.785,27.0,226148,45.7,1010.7,21.6,110.0,110.0
281.084,27.0,224217,45.6,1010.7,21.6,110.0,110.0
281.384,27.0,226448,45.5,1010.7,21.6,110.0,110.0
281.684,27.0,223045,45.3,1010.7,21.6,110.0,110.0
281.984,27.0,209750,45.3,1010.7,21.6,111.0,110.0
282.284,27.0,214360,45.4,1010.7,21.6,111.0,110.0
282.584,27.0,204106,45.5,1010.7,21.6,111.0,110.0
282.884,27.0,204963,45.7,1010.6,21.7,111.0,110.0
283.184,27.0,204472,46.0,1010.6,21.7,111.0,110.0
283.484,27.0,206576,46.3,1010.7,21.6,111.0,110.0
283.784,27.0,214495,46.5,1010.7,21.6,111.0,110.0
284.084,27.0,199105,46.5,1010.7,21.6,111.0,110.0
284.384,27.0,204595,46.7,1010.7,21.6,111.0,110.0
284.684,27.0,210786,46.8,1010.7,21.6,111.0,110.0
284.984,27.0,209107,46.8,1010.7,21.6,111.0,110.0
285.283,27.0,217087,46.9,1010.7,21.6,111.0,110.0
285.583,27.0,205829,46.9,1010.7,21.6,111.0,111.0
285.883,27.0,207581,47.0,1010.7,21.6,113.0,112.0
286.183,27.0,216124,46.9,1010.7,21.6,117.0,110.0
286.483,27.0,220309,46.8,1010.7,21.6,111.0,111.0
286.783,27.0,223483,46.6,1010.7,21.6,114.0,109.0
287.083,27.0,222899,46.3,1010.7,21.6,111.0,110.0
287.383,27.0,226148,46.1,1010.6,21.7,111.0,110.0
287.683,27.0,227808,45.8,1010.6,21.7,111.0,110.0
287.983,27.0,229031,45.6,1010.6,21.7,111.0,110.0
288.283,27.0,228265,45.4,1010.6,21.7,114.0,109.0
288.583,27.0,227656,45.3,1010.7,21.7,114.0,109.0
288.883,27.0,228571,45.2,1010.6,21.7,112.0,110.0
289.182,27.0,227656,45.1,1010.6,21.7,114.0,109.0
289.482,27.0,227504,45.0,1010.7,21.7,112.0,110.0
289.782,27.0,227353,44.9,1010.7,21.6,111.0,110.0
290.082,27.0,227656,44.9,1010.7,21.7,111.0,110.0
290.382,27.0,226749,44.8,1010.6,21.7,111.0,110.0
290.682,27.0,227960,44.8,1010.7,21.6,111.0,110.0
290.982,27.0,229185,44.8,1010.7,21.7,113.0,109.0
291.282,27.0,229339,44.7,1010.6,21.7,112.0,110.0
291.582,27.0,218476,44.7,1010.6,21.8,112.0,110.0
291.882,27.0,215715,44.8,1010.6,21.7,114.0,109.0
292.182,27.0,219601,45.0,1010.6,21.8,111.0,110.0
292.482,27.0,222753,45.1,1010.6,21.7,111.0,110.0
292.782,27.0,224217,45.1,1010.6,21.8,111.0,110.0
293.082,27.0,205705,45.1,1010.6,21.7,111.0,110.0
293.381,27.0,203619,45.4,1010.6,21.7,111.0,110.0
293.681,27.0,205333,45.6,1010.7,21.7,112.0,110.0
293.981,27.0,205333,45.9,1010.6,21.7,112.0,110.0
294.281,27.0,212227,46.2,1010.6,21.7,114.0,109.0
294.581,26.9,208469,46.2,1010.6,21.8,112.0,110.0
294.881,26.9,199454,46.3,1010.6,21.8,112.0,110.0
295.181,26.9,210916,46.5,1010.6,21.8,112.0,110.0
295.481,26.9,204106,46.5,1010.6,21.8,112.0,110.0
295.781,26.9,209235,46.7,1010.6,21.8,112.0,110.0
296.081,26.9,214091,46.8,1010.6,21.8,112.0,110.0
296.381,26.9,217087,46.7,1010.6,21.8,111.0,111.0
296.681,26.9,220309,46.6,1010.6,21.8,111.0,111.0
296.981,26.9,224217,46.5,1010.6,21.7,113.0,110.0
297.281,26.9,226298,46.3,1010.6,21.7,112.0,110.0
297.58,26.9,227353,46.0,1010.6,21.7,112.0,110.0
297.88,26.9,206952,45.9,1010.6,21.8,111.0,110.0
298.18,26.9,211832,45.9,1010.6,21.7,113.0,112.0
298.48,26.9,203862,46.0,1010.6,21.7,113.0,112.0
298.78,26.9,191832,46.2,1010.6,21.7,112.0,111.0
299.08,26.9,201813,46.5,1010.6,21.7,113.0,110.0
299.38,26.9,203619,46.7,1010.6,21.8,113.0,110.0
299.68,26.9,202651,46.8,1010.6,21.8,111.0,111.0
299.98,26.9,199921,46.9,1010.6,21.7,111.0,111.0
300.28,26.9,197950,47.0,1010.6,21.8,112.0,111.0
300.58,26.9,204350,47.2,1010.6,21.8,111.0,111.0
300.88,26.9,207203,47.2,1010.6,21.8,111.0,111.0
301.18,26.9,215578,47.1,1010.6,21.7,111.0,111.0
301.479,26.9,214091,46.9,1010.6,21.8,111.0,111.0
301.779,26.9,205333,46.8,1010.6,21.8,111.0,111.0
302.079,26.9,207455,46.8,1010.6,21.8,111.0,111.0
302.379,26.9,200981,46.8,1010.6,21.8,111.0,111.0
302.679,26.9,199921,46.9,1010.6,21.8,111.0,111.0
302.979,26.9,202651,47.0,1010.6,21.8,113.0,110.0
303.279,26.9,184837,47.1,1010.6,21.7,112.0,111.0
303.579,26.9,192916,47.3,1010.6,21.7,112.0,111.0
303.879,26.9,205829,47.5,1010.6,21.7,113.0,112.0
304.179,26.9,177716,47.6,1010.6,21.7,112.0,111.0
304.479,26.9,180727,47.9,1010.6,21.7,112.0,111.0
304.779,26.9,179208,48.2,1010.6,21.7,114.0,110.0
305.079,26.9,176430,48.4,1010.6,21.8,112.0,111.0
305.379,26.9,195457,48.7,1010.6,21.8,114.0,110.0
305.678,26.9,179397,48.7,1010.6,21.8,112.0,111.0
305.978,26.9,181882,48.9,1010.6,21.8,114.0,110.0
306.278,26.9,194123,49.0,1010.6,21.8,112.0,111.0
306.578,26.9,195121,49.0,1010.6,21.8,112.0,111.0
306.878,26.9,204106,49.0,1010.6,21.8,117.0,110.0
307.178,26.9,206202,48.8,1010.6,21.8,112.0,111.0
307.478,26.9,203134,48.6,1010.6,21.8,111.0,111.0
307.778,26.9,213022,48.5,1010.6,21.8,112.0,111.0
308.078,26.9,198411,48.2,1010.6,21.7,114.0,110.0
308.378,26.9,211308,48.1,1010.6,21.8,112.0,111.0
308.678,26.9,196243,47.9,1010.6,21.8,112.0,111.0
308.978,26.9,181689,47.8,1010.6,21.8,113.0,110.0
309.278,26.9,194344,48.0,1010.6,21.8,72.0,82.0
309.578,26.9,191509,48.2,1010.6,21.7,111.0,110.0
309.877,26.9,195681,48.3,1010.7,21.7,116.0,114.0
310.177,26.9,199804,48.4,1010.6,21.7,120.0,116.0
310.477,26.9,196809,48.5,1010.6,21.8,115.0,111.0
310.777,26.9,198989,48.5,1010.6,21.8,113.0,112.0
311.077,26.9,186046,48.6,1010.6,21.8,115.0,111.0
311.377,26.9,193682,48.7,1010.6,21.8,112.0,111.0
311.677,26.9,182661,48.8,1010.6,21.8,114.0,110.0
311.977,26.9,178272,48.9,1010.6,21.7,114.0,110.0
312.277,26.9,182466,49.2,1010.6,21.7,114.0,111.0
312.577,26.9,177346,49.4,1010.7,21.6,112.0,111.0
312.877,26.9,194344,49.6,1010.7,21.7,112.0,111.0
313.177,26.9,185440,49.7,1010.6,21.7,114.0,110.0
313.477,26.9,199338,49.6,1010.6,21.7,113.0,109.0
313.776,26.9,206576,49.5,1010.7,21.7,112.0,110.0
314.076,26.8,214360,49.2,1010.6,21.7,112.0,110.0
314.376,26.8,218197,48.8,1010.6,21.8,113.0,109.0
314.676,26.8,220309,48.4,1010.6,21.7,111.0,110.0
314.976,26.8,208469,48.0,1010.6,21.7,111.0,110.0
315.276,26.9,207707,47.8,1010.6,21.7,112.0,110.0
315.576,26.9,207834,47.7,1010.6,21.7,111.0,110.0
315.876,26.9,196356,47.7,1010.6,21.7,111.0,110.0
316.176,26.9,201218,47.9,1010.6,21.7,111.0,110.0
316.476,26.9,203619,48.0,1010.6,21.7,111.0,110.0
316.776,26.9,204472,47.9,1010.6,21.7,111.0,110.0
317.076,26.9,205581,47.9,1010.6,21.7,111.0,110.0
317.376,26.9,199687,48.0,1010.7,21.7,111.0,110.0
317.676,26.9,196809,48.1,1010.6,21.7,111.0,110.0
317.975,26.8,201455,48.3,1010.6,21.7,111.0,110.0
318.275,26.9,183249,48.5,1010.6,21.7,112.0,109.0
318.575,26.9,184438,48.8,1010.6,21.7,111.0,110.0
318.875,26.8,195681,49.0,1010.6,21.8,111.0,110.0
319.175,26.8,182857,49.2,1010.6,21.8,90.0,92.0
319.475,26.8,191939,49.4,1010.7,21.6,114.0,110.0
319.775,26.8,196809,49.5,1010.7,21.6,113.0,110.0
320.075,26.8,186249,49.6,1010.7,21.6,111.0,111.0
320.375,26.9,184837,49.6,1010.6,21.7,111.0,111.0
320.675,26.9,193025,49.7,1010.6,21.7,113.0,110.0
320.975,26.9,196469,49.7,1010.6,21.8,112.0,111.0
321.275,26.9,205829,49.6,1010.6,21.8,112.0,111.0
321.575,26.9,199105,49.4,1010.6,21.8,111.0,111.0
321.874,26.9,204350,49.2,1010.6,21.8,111.0,111.0
322.174,26.9,210008,49.1,1010.6,21.7,111.0,111.0
322.474,26.9,190866,48.9,1010.6,21.7,113.0,110.0
322.774,26.9,194233,48.9,1010.6,21.7,113.0,110.0
323.074,26.9,203134,48.9,1010.6,21.7,111.0,111.0
323.374,26.9,207455,48.8,1010.7,21.7,111.0,111.0
323.674,26.9,210008,48.6,1010.7,21.7,114.0,109.0
323.974,26.9,214900,48.5,1010.7,21.6,111.0,111.0
324.274,26.9,217502,48.2,1010.7,21.6,110.0,111.0
324.574,26.9,222899,48.0,1010.7,21.6,111.0,111.0
324.874,26.9,223336,47.7,1010.7,21.6,113.0,110.0
325.174,26.9,209492,47.3,1010.7,21.6,111.0,111.0
325.474,26.9,217363,47.3,1010.7,21.6,113.0,110.0
325.774,26.9,197036,47.2,1010.7,21.7,117.0,110.0
326.073,26.9,194012,47.3,1010.7,21.7,111.0,110.0
326.373,26.9,200981,47.6,1010.6,21.7,113.0,109.0
326.673,26.9,180535,47.8,1010.7,21.7,111.0,110.0
326.973,26.9,194233,48.1,1010.6,21.7,110.0,110.0
327.273,26.9,186249,48.2,1010.6,21.7,110.0,110.0
327.573,26.9,191939,48.5,1010.6,21.7,109.0,110.0
327.873,26.9,199454,48.6,1010.7,21.6,111.0,109.0
328.173,26.9,183446,48.6,1010.7,21.6,110.0,110.0
328.473,26.9,192048,48.8,1010.7,21.6,112.0,109.0
328.773,26.8,198411,48.9,1010.7,21.6,111.0,111.0
329.073,26.8,204350,48.9,1010.7,21.6,111.0,111.0
329.373,26.8,194012,49.0,1010.7,21.6,111.0,111.0
329.673,26.8,197264,49.1,1010.7,21.6,57.0,54.0
329.973,26.8,198180,49.0,1010.7,21.6,19.0,23.0
330.272,26.9,198295,49.0,1010.7,21.6,1.0,1.0
330.572,26.9,202531,49.0,1010.7,21.5,1.0,1.0
330.872,26.9,176612,49.0,1010.7,21.6,1.0,1.0
331.172,26.9,183249,49.3,1010.7,21.5,1.0,1.0
331.472,26.8,199687,49.4,1010.7,21.6,1.0,1.0
331.772,26.8,208851,49.3,1010.7,21.6,1.0,1.0
332.072,26.8,217087,49.0,1010.7,21.6,1.0,1.0
332.372,26.8,222173,48.6,1010.6,21.7,73.0,67.0
332.672,26.8,226598,48.2,1010.6,21.7,148.0,144.0
332.972,26.8,227656,47.7,1010.6,21.8,151.0,146.0
333.272,26.8,229185,47.3,1010.6,21.8,152.0,144.0
333.572,26.8,230734,47.0,1010.6,21.8,152.0,144.0
333.872,26.8,231517,46.6,1010.6,21.8,132.0,132.0
334.172,26.8,231203,46.3,1010.6,21.7,101.0,101.0
334.471,26.8,231674,46.1,1010.7,21.7,128.0,132.0
334.771,26.8,233736,45.9,1010.7,21.6,155.0,153.0
335.071,26.8,233098,45.7,1010.7,21.6,157.0,153.0
335.371,26.8,233416,45.5,1010.7,21.5,160.0,153.0
335.671,26.8,233736,45.3,1010.7,21.6,160.0,153.0
335.971,26.8,235024,45.1,1010.7,21.6,160.0,153.0
336.271,26.8,234378,45.0,1010.7,21.5,160.0,153.0
336.571,26.8,233896,44.9,1010.7,21.6,160.0,153.0
336.871,26.8,233736,44.8,1010.6,21.8,160.0,153.0
337.171,26.8,234700,44.8,1010.6,21.8,160.0,153.0
337.471,26.8,233736,44.7,1010.6,21.8,160.0,153.0
337.771,26.8,233576,44.6,1010.6,21.7,160.0,153.0
338.071,26.8,235510,44.6,1010.6,21.7,160.0,153.0
338.37,26.8,234057,44.6,1010.6,21.7,160.0,153.0
338.67,26.8,235999,44.5,1010.6,21.7,160.0,153.0
338.97,26.8,234378,44.4,1010.6,21.8,160.0,153.0
339.27,26.8,234539,44.4,1010.6,21.7,160.0,153.0
339.57,26.8,234217,44.4,1010.6,21.7,160.0,153.0
339.87,26.8,235348,44.3,1010.6,21.7,160.0,153.0
340.17,26.8,234217,44.3,1010.6,21.8,160.0,153.0
340.47,26.8,235835,44.2,1010.6,21.7,160.0,153.0
340.77,26.8,235024,44.1,1010.7,21.6,160.0,153.0
341.07,26.8,235348,44.1,1010.7,21.7,160.0,153.0
341.37,26.8,236982,44.0,1010.6,21.7,160.0,153.0
341.67,26.8,235673,44.0,1010.6,21.8,160.0,153.0
341.97,26.8,235348,43.9,1010.6,21.8,160.0,153.0
342.27,26.8,235510,43.9,1010.6,21.8,160.0,153.0
342.569,26.8,233896,43.9,1010.6,21.8,160.0,153.0
342.869,26.8,235024,43.9,1010.6,21.8,160.0,153.0
343.169,26.8,234217,43.8,1010.6,21.8,160.0,153.0
343.469,26.8,234862,43.9,1010.6,21.9,160.0,153.0
343.769,26.8,234217,43.8,1010.6,21.9,160.0,153.0
344.069,26.8,234700,43.7,1010.6,21.9,160.0,153.0
344.369,26.8,235024,43.8,1010.6,21.9,160.0,153.0
344.669,26.8,235348,43.8,1010.6,21.9,160.0,153.0
344.969,26.8,235186,43.7,1010.6,21.9,160.0,153.0
345.269,26.8,234862,43.7,1010.6,22.0,160.0,153.0
345.569,26.8,236653,43.7,1010.6,22.0,160.0,153.0
345.869,26.8,234217,43.7,1010.6,21.9,160.0,153.0
346.169,26.8,234539,43.7,1010.6,21.9,160.0,153.0
346.468,26.8,234217,43.7,1010.6,22.0,160.0,153.0
346.768,26.8,234539,43.7,1010.6,22.0,160.0,153.0
347.068,26.8,233736,43.7,1010.6,21.9,160.0,153.0
347.368,26.8,232938,43.7,1010.6,22.0,160.0,153.0
347.668,26.8,233257,43.6,1010.6,21.9,160.0,153.0
347.968,26.8,234057,43.7,1010.6,22.0,160.0,153.0
348.268,26.8,233576,43.7,1010.6,22.0,160.0,153.0
348.568,26.8,233416,43.6,1010.6,22.0,160.0,153.0
348.868,26.8,233257,43.7,1010.6,22.0,160.0,153.0
349.168,26.8,235348,43.7,1010.6,22.0,160.0,153.0
349.468,26.8,232621,43.6,1010.6,22.1,160.0,153.0
349.768,26.8,233736,43.6,1010.6,22.1,160.0,153.0
350.068,26.8,234539,43.6,1010.6,22.1,160.0,153.0
350.368,26.8,235348,43.6,1010.6,22.1,160.0,153.0
350.667,26.8,233576,43.5,1010.6,22.1,160.0,153.0
350.967,26.8,234057,43.5,1010.6,22.0,160.0,153.0
351.267,26.8,234217,43.5,1010.6,22.0,160.0,153.0
351.567,26.8,235024,43.5,1010.6,22.0,160.0,153.0
351.867,26.8,233576,43.4,1010.6,22.0,160.0,153.0
352.167,26.8,233896,43.4,1010.6,22.0,160.0,153.0
352.467,26.8,233257,43.4,1010.6,22.0,160.0,153.0
352.767,26.8,232463,43.4,1010.6,22.0,160.0,153.0
353.067,26.8,232938,43.4,1010.6,22.0,160.0,153.0
353.367,26.8,235186,43.4,1010.6,22.0,160.0,153.0
353.667,26.8,233257,43.4,1010.6,22.0,160.0,153.0
353.967,26.8,233896,43.4,1010.6,22.1,160.0,153.0
354.267,26.8,233736,43.3,1010.6,22.2,160.0,153.0
354.567,26.8,233098,43.3,1010.6,22.2,160.0,153.0
354.866,26.8,233896,43.3,1010.6,22.1,160.0,153.0
355.166,26.8,233736,43.3,1010.6,22.1,160.0,153.0
355.466,26.8,233576,43.3,1010.6,22.1,160.0,153.0
355.766,26.8,232938,43.3,1010.6,22.1,160.0,153.0
356.066,26.8,232463,43.3,1010.6,22.1,160.0,153.0
356.366,26.8,234862,43.3,1010.6,22.1,160.0,153.0
356.666,26.8,233576,43.3,1010.6,22.2,160.0,153.0
356.966,26.8,232146,43.4,1010.6,22.2,160.0,153.0
357.266,26.8,232463,43.4,1010.6,22.3,160.0,153.0
357.566,26.8,233416,43.4,1010.6,22.3,160.0,153.0
357.866,26.8,232304,43.4,1010.6,22.2,160.0,153.0
358.166,26.8,232463,43.4,1010.6,22.2,160.0,153.0
358.466,26.8,232146,43.4,1010.6,22.2,160.0,153.0
358.766,26.8,231674,43.4,1010.6,22.2,160.0,153.0
359.065,26.8,231517,43.4,1010.6,22.2,160.0,153.0
359.365,26.8,231831,43.3,1010.6,22.2,160.0,153.0
359.665,26.8,232938,43.3,1010.6,22.2,160.0,153.0
359.965,26.8,231989,43.3,1010.6,22.3,160.0,153.0
360.265,26.8,230734,43.4,1010.6,22.3,160.0,153.0
360.565,26.8,230734,43.3,1010.6,22.2,160.0,153.0
360.865,26.8,231831,43.4,1010.6,22.2,160.0,153.0
361.165,26.8,231831,43.3,1010.6,22.3,160.0,153.0
361.465,26.8,231674,43.3,1010.6,22.3,160.0,153.0
361.765,26.8,231989,43.3,1010.6,22.3,160.0,153.0
362.065,26.8,230578,43.3,1010.6,22.3,160.0,153.0
362.365,26.8,232780,43.3,1010.6,22.4,160.0,153.0
362.665,26.8,231203,43.3,1010.6,22.3,160.0,153.0
362.964,26.8,230890,43.3,1010.6,22.4,160.0,153.0
363.264,26.8,232621,43.3,1010.6,22.4,160.0,153.0
363.564,26.8,231360,43.3,1010.6,22.4,160.0,153.0
363.864,26.8,231203,43.3,1010.6,22.3,160.0,153.0
364.164,26.8,230423,43.3,1010.6,22.4,160.0,153.0
364.464,26.8,230578,43.3,1010.6,22.4,160.0,153.0
364.764,26.8,231046,43.3,1010.6,22.4,160.0,153.0
365.064,26.8,230890,43.3,1010.6,22.4,160.0,153.0
365.364,26.8,228418,43.3,1010.6,22.3,160.0,153.0
365.664,26.8,229493,43.3,1010.6,22.4,160.0,153.0
365.964,26.8,229802,43.3,1010.6,22.4,160.0,153.0
366.264,26.8,230267,43.3,1010.6,22.4,160.0,153.0
366.564,26.8,231989,43.3,1010.6,22.4,160.0,153.0
366.864,26.8,229339,43.3,1010.6,22.4,160.0,153.0
367.163,26.8,230890,43.3,1010.6,22.3,160.0,153.0
367.463,26.8,230578,43.3,1010.6,22.3,160.0,153.0
367.763,26.8,229647,43.3,1010.6,22.4,160.0,153.0
368.063,26.8,230423,43.3,1010.6,22.4,160.0,153.0
368.363,26.8,229957,43.3,1010.6,22.5,160.0,153.0
368.663,26.8,230112,43.3,1010.6,22.5,160.0,153.0
368.963,26.8,230423,43.2,1010.5,22.5,160.0,153.0
369.263,26.8,229957,43.2,1010.5,22.6,160.0,153.0
369.563,26.8,230423,43.2,1010.5,22.6,160.0,153.0
369.863,26.8,228877,43.2,1010.6,22.5,160.0,153.0
370.163,26.8,230112,43.2,1010.6,22.5,160.0,153.0
370.463,26.8,230267,43.2,1010.6,22.5,160.0,153.0
370.763,26.8,230112,43.2,1010.5,22.5,160.0,153.0
371.062,26.8,230578,43.2,1010.5,22.5,160.0,153.0
371.362,26.8,230267,43.2,1010.5,22.5,160.0,153.0
371.662,26.8,229031,43.2,1010.5,22.5,160.0,153.0
371.962,26.8,230112,43.2,1010.5,22.6,160.0,153.0
372.262,26.8,229802,43.2,1010.6,22.5,160.0,153.0
372.562,26.8,230578,43.2,1010.6,22.5,160.0,153.0
372.862,26.8,229339,43.2,1010.5,22.5,160.0,153.0
373.162,26.8,229339,43.2,1010.5,22.6,160.0,153.0
373.462,26.8,229647,43.2,1010.5,22.5,160.0,153.0
373.762,26.8,229647,43.2,1010.5,22.6,160.0,153.0
374.062,26.8,229493,43.2,1010.5,22.6,160.0,153.0
374.362,26.8,229339,43.2,1010.5,22.6,160.0,153.0
374.662,26.8,229031,43.2,1010.5,22.6,160.0,153.0
374.962,26.8,228571,43.2,1010.5,22.5,160.0,153.0
375.261,26.8,229647,43.1,1010.5,22.5,160.0,153.0
375.561,26.8,228418,43.2,1010.5,22.6,160.0,153.0
375.861,26.8,229493,43.1,1010.5,22.6,160.0,153.0
376.161,26.8,229493,43.1,1010.5,22.6,160.0,153.0
376.461,26.8,229185,43.1,1010.5,22.6,160.0,153.0
376.761,26.8,228418,43.1,1010.5,22.6,160.0,153.0
377.061,26.8,228418,43.1,1010.5,22.6,160.0,153.0
377.361,26.8,231517,43.1,1010.5,22.7,160.0,153.0
377.661,26.8,230423,43.1,1010.5,22.6,160.0,153.0
377.961,26.8,229185,43.1,1010.5,22.5,160.0,153.0
378.261,26.8,229031,43.1,1010.5,22.5,160.0,153.0
378.561,26.8,228724,43.1,1010.5,22.6,160.0,153.0
378.861,26.8,229185,43.1,1010.5,22.6,160.0,153.0
379.161,26.8,229031,43.1,1010.5,22.7,160.0,153.0
379.46,26.8,228877,43.1,1010.5,22.7,160.0,153.0
379.76,26.8,228113,43.1,1010.5,22.7,160.0,153.0
380.06,26.8,229185,43.1,1010.5,22.7,160.0,153.0
380.36,26.8,231046,43.1,1010.5,22.7,160.0,153.0
380.66,26.8,229185,43.1,1010.5,22.7,160.0,153.0
380.96,26.8,228724,43.1,1010.5,22.8,160.0,153.0
381.26,26.8,228265,43.1,1010.5,22.8,160.0,153.0
381.56,26.8,228877,43.1,1010.5,22.8,160.0,153.0
381.86,26.8,228571,43.1,1010.5,22.9,160.0,153.0
382.16,26.8,228113,43.1,1010.5,22.9,160.0,153.0
382.46,26.8,228571,43.1,1010.5,22.9,160.0,153.0
382.76,26.8,229031,43.1,1010.5,22.9,160.0,153.0
383.06,26.8,227504,43.1,1010.5,22.8,160.0,153.0
383.359,26.8,227960,43.1,1010.5,22.9,160.0,153.0
383.659,26.8,227504,43.1,1010.5,22.9,160.0,153.0
383.959,26.8,228877,43.1,1010.5,22.8,160.0,153.0
384.259,26.8,227504,43.1,1010.5,22.8,160.0,153.0
384.559,26.8,228571,43.1,1010.5,22.8,160.0,153.0
384.859,26.8,228724,43.1,1010.5,22.9,160.0,153.0
385.159,26.8,228418,43.1,1010.5,22.9,160.0,153.0
385.459,26.8,228265,43.1,1010.5,23.0,160.0,153.0
385.759,26.8,228265,43.1,1010.5,23.0,160.0,153.0
386.059,26.8,228113,43.1,1010.5,23.0,160.0,153.0
386.359,26.8,227504,43.1,1010.5,23.0,160.0,153.0
386.659,26.8,227353,43.1,1010.5,23.0,160.0,153.0
386.959,26.8,227808,43.1,1010.5,23.0,160.0,153.0
387.259,26.8,227504,43.1,1010.5,23.0,160.0,153.0
387.558,26.8,227960,43.1,1010.5,23.0,160.0,153.0
387.858,26.8,227808,43.1,1010.5,23.0,160.0,153.0
388.158,26.8,229339,43.1,1010.5,23.0,160.0,153.0
388.458,26.8,228418,43.1,1010.5,23.0,160.0,153.0
388.758,26.8,227050,43.1,1010.5,23.0,160.0,153.0
389.058,26.8,228265,43.1,1010.5,23.1,160.0,153.0
389.358,26.8,227960,43.1,1010.5,23.0,160.0,153.0
389.658,26.8,229339,43.1,1010.5,23.1,160.0,153.0
389.958,26.8,229493,43.1,1010.5,23.1,160.0,153.0
390.258,26.8,228877,43.1,1010.5,23.0,160.0,153.0
390.558,26.8,230423,43.1,1010.5,23.0,160.0,153.0
390.858,26.8,229647,43.1,1010.5,23.1,160.0,153.0
391.158,26.8,229031,43.1,1010.5,23.0,160.0,153.0
391.458,26.8,227504,43.1,1010.5,23.0,160.0,153.0
391.757,26.8,229031,43.1,1010.5,23.0,160.0,153.0
392.057,26.8,229647,43.1,1010.5,23.1,160.0,153.0
392.357,26.8,229339,43.1,1010.5,23.1,160.0,153.0
392.657,26.8,229339,43.1,1010.5,23.1,160.0,153.0
392.957,26.8,227960,43.1,1010.5,23.1,160.0,153.0
393.257,26.8,229185,43.1,1010.5,23.1,160.0,153.0
393.557,26.8,229185,43.1,1010.5,23.1,160.0,153.0
393.857,26.8,228113,43.1,1010.5,23.1,160.0,153.0
394.157,26.8,227808,43.1,1010.5,23.1,160.0,153.0
394.457,26.8,228418,43.1,1010.5,23.1,160.0,153.0
394.757,26.8,229802,43.1,1010.5,23.1,160.0,153.0
395.057,26.8,228418,43.1,1010.5,23.1,160.0,153.0
395.357,26.8,228724,43.1,1010.5,23.1,160.0,153.0
395.656,26.8,227202,43.1,1010.5,23.1,160.0,153.0
395.956,26.8,228877,43.1,1010.5,23.2,160.0,153.0
396.256,26.8,228724,43.1,1010.5,23.1,160.0,153.0
396.556,26.8,228877,43.1,1010.5,23.1,160.0,153.0
396.856,26.8,228571,43.1,1010.5,23.1,160.0,153.0
397.156,26.8,228571,43.1,1010.5,23.1,160.0,153.0
397.456,26.8,228724,43.1,1010.5,23.1,160.0,153.0
397.756,26.8,229339,43.1,1010.5,23.2,160.0,153.0
398.056,26.8,227656,43.1,1010.5,23.2,160.0,153.0
398.356,26.8,228418,43.1,1010.5,23.1,160.0,153.0
398.656,26.8,228571,43.1,1010.5,23.2,160.0,153.0
398.956,26.8,229031,43.1,1010.5,23.1,160.0,153.0
399.256,26.8,228724,43.1,1010.5,23.0,160.0,153.0
399.556,26.8,228724,43.1,1010.5,23.1,160.0,153.0
399.855,26.8,228877,43.1,1010.5,23.0,160.0,153.0
400.155,26.8,228113,43.1,1010.5,23.1,160.0,153.0
400.455,26.8,229339,43.1,1010.5,23.1,160.0,153.0
400.755,26.8,229031,43.1,1010.5,23.1,160.0,153.0
401.055,26.8,228265,43.1,1010.5,23.2,160.0,153.0
401.355,26.8,227808,43.0,1010.5,23.1,160.0,153.0
401.655,26.8,228877,43.1,1010.5,23.1,160.0,153.0
401.955,26.8,228265,43.1,1010.5,23.1,160.0,153.0
402.255,26.8,227960,43.1,1010.5,23.0,160.0,153.0
402.555,26.8,229339,43.1,1010.5,23.2,160.0,153.0
402.855,26.8,227808,43.1,1010.5,23.1,160.0,153.0
403.155,26.8,227656,43.1,1010.5,23.1,160.0,153.0
403.455,26.8,228724,43.1,1010.5,23.2,160.0,153.0
403.755,26.8,228418,43.1,1010.5,23.2,160.0,153.0
404.054,26.8,228571,43.1,1010.5,23.2,160.0,153.0
404.354,26.8,229957,43.1,1010.5,23.3,160.0,153.0
404.654,26.8,228877,43.1,1010.5,23.3,153.0,154.0
404.954,26.8,227808,43.1,1010.5,23.2,151.0,146.0
405.254,26.8,229031,43.1,1010.5,23.2,144.0,141.0
405.554,26.8,228265,43.0,1010.5,23.3,115.0,114.0
405.854,26.8,227808,43.0,1010.5,23.3,144.0,142.0
406.154,26.8,228571,43.1,1010.5,23.2,151.0,147.0
406.454,26.8,228724,43.1,1010.5,23.2,152.0,147.0
406.754,26.8,228724,43.1,1010.5,23.2,151.0,147.0
407.054,26.8,228724,43.1,1010.5,23.1,151.0,147.0
407.354,26.8,228418,43.1,1010.5,23.2,150.0,145.0
407.654,26.8,228877,43.1,1010.5,23.1,151.0,146.0
407.954,26.8,230267,43.1,1010.5,23.2,143.0,139.0
408.253,26.8,230267,43.1,1010.5,23.2,142.0,140.0
408.553,26.7,229802,43.0,1010.5,23.2,140.0,138.0
408.853,26.7,229493,43.0,1010.5,23.3,141.0,138.0
409.153,26.7,229957,43.0,1010.5,23.2,134.0,132.0
409.453,26.7,229031,43.0,1010.5,23.2,152.0,147.0
409.753,26.7,229493,43.0,1010.5,23.2,142.0,143.0
410.053,26.7,228877,43.0,1010.5,23.1,140.0,135.0
410.353,26.7,230423,43.0,1010.5,23.2,154.0,151.0
410.653,26.7,230578,43.0,1010.5,23.3,142.0,138.0
410.953,26.7,230890,43.0,1010.5,23.2,139.0,134.0
411.253,26.7,231046,43.0,1010.5,23.2,138.0,136.0
411.553,26.7,230423,43.0,1010.5,23.1,139.0,138.0
411.853,26.7,230112,43.0,1010.5,23.1,142.0,138.0
412.152,26.7,230112,43.0,1010.5,23.1,143.0,139.0
412.452,26.7,230578,43.0,1010.5,23.1,141.0,138.0
412.752,26.7,231517,43.0,1010.5,23.1,142.0,140.0
413.052,26.7,231517,43.0,1010.5,23.1,142.0,140.0
413.352,26.7,230734,43.0,1010.5,23.2,141.0,143.0
413.652,26.7,231517,43.0,1010.5,23.1,143.0,139.0
413.952,26.7,230890,43.0,1010.5,23.1,148.0,142.0
414.252,26.7,230734,43.0,1010.5,23.1,147.0,142.0
414.552,26.7,231517,43.0,1010.5,23.1,147.0,142.0
414.852,26.7,230112,43.0,1010.5,23.1,141.0,143.0
415.152,26.7,231203,43.0,1010.5,23.0,120.0,121.0
415.452,26.7,230267,43.0,1010.5,22.9,97.0,96.0
415.752,26.7,229647,43.0,1010.5,22.9,118.0,114.0
416.051,26.7,231046,43.0,1010.5,22.9,120.0,115.0
416.351,26.7,229647,43.0,1010.5,22.9,118.0,116.0
416.651,26.7,230890,43.0,1010.5,22.9,118.0,116.0
416.951,26.7,229957,43.0,1010.5,22.9,118.0,116.0
417.251,26.7,228571,43.0,1010.5,22.9,118.0,116.0
417.551,26.7,229647,43.0,1010.5,23.0,121.0,118.0
417.851,26.7,230267,43.0,1010.5,22.9,120.0,117.0
418.151,26.7,227656,43.0,1010.5,23.0,120.0,117.0
418.451,26.7,230578,43.0,1010.5,23.0,121.0,116.0
418.751,26.7,228113,43.0,1010.5,23.0,121.0,117.0
419.051,26.7,229185,43.0,1010.5,23.0,101.0,101.0
419.351,26.7,231360,43.0,1010.5,23.0,97.0,99.0
419.651,26.7,231046,43.0,1010.5,23.0,42.0,45.0
419.951,26.7,230734,43.0,1010.5,23.0,96.0,93.0
420.25,26.7,231989,43.0,1010.5,22.8,90.0,91.0
420.55,26.7,230734,43.0,1010.6,22.3,85.0,83.0
420.85,26.7,230578,43.0,1010.6,22.1,89.0,88.0
421.15,26.7,230267,43.0,1010.6,22.0,94.0,94.0
421.45,26.7,230267,43.0,1010.6,22.0,110.0,107.0
421.75,26.7,229957,43.0,1010.6,21.9,105.0,103.0
422.05,26.7,228113,43.0,1010.6,21.9,106.0,103.0
422.35,26.7,229031,43.0,1010.6,21.8,100.0,99.0
422.65,26.7,229185,43.0,1010.6,21.9,94.0,94.0
422.95,26.7,230890,43.0,1010.6,22.1,109.0,111.0
423.25,26.7,229802,43.0,1010.6,22.1,110.0,110.0
423.55,26.7,229647,43.0,1010.6,21.9,110.0,110.0
423.85,26.7,232146,43.0,1010.7,21.7,110.0,110.0
424.15,26.7,230890,43.1,1010.6,21.8,111.0,110.0
424.449,26.7,230423,43.2,1010.6,22.1,109.0,111.0
424.749,26.7,230423,43.2,1010.6,22.2,97.0,94.0
425.049,26.7,231674,43.2,1010.6,22.0,86.0,84.0
425.349,26.7,229802,43.3,1010.6,21.7,101.0,102.0
425.649,26.7,230423,43.3,1010.6,21.8,104.0,102.0
425.949,26.7,229647,43.3,1010.6,21.9,103.0,105.0
426.249,26.7,229957,43.3,1010.6,22.0,108.0,106.0
426.549,26.7,229957,43.3,1010.6,22.0,97.0,99.0
426.849,26.7,232621,43.3,1010.6,22.0,100.0,100.0
427.149,26.7,230267,43.3,1010.6,22.0,94.0,91.0
427.449,26.7,230112,43.3,1010.6,22.2,89.0,90.0
427.749,26.7,230267,43.4,1010.6,22.2,106.0,106.0
428.049,26.7,230112,43.5,1010.6,22.2,111.0,110.0
428.348,26.7,229493,43.5,1010.6,22.2,108.0,108.0
428.648,26.7,228724,43.6,1010.6,22.2,97.0,99.0
428.948,26.7,228265,43.6,1010.6,22.4,118.0,116.0
429.248,26.8,228113,43.7,1010.5,22.6,100.0,99.0
429.548,26.8,227202,43.8,1010.5,22.7,89.0,88.0
429.848,26.8,225401,44.0,1010.5,22.8,97.0,95.0
430.148,26.8,224807,44.2,1010.5,22.8,92.0,90.0
430.448,26.8,225998,44.4,1010.5,22.8,113.0,112.0
430.748,26.8,224807,44.5,1010.5,22.8,120.0,117.0
431.048,26.8,226298,44.5,1010.5,22.9,105.0,101.0
431.348,26.8,225550,44.5,1010.5,22.9,97.0,95.0
431.648,26.8,225699,44.4,1010.5,22.8,79.0,77.0
431.948,26.8,227656,44.3,1010.5,22.9,107.0,105.0
432.248,26.8,227050,44.2,1010.5,22.9,107.0,106.0
432.547,26.8,226749,44.1,1010.5,23.0,101.0,103.0
432.847,26.8,228724,44.1,1010.5,22.9,18.0,22.0
433.147,26.8,228418,43.9,1010.5,22.9,100.0,99.0
433.447,26.8,229031,43.8,1010.5,22.9,57.0,58.0
433.747,26.8,228265,43.8,1010.5,22.9,46.0,48.0
434.047,26.8,228877,43.7,1010.5,22.9,49.0,54.0
434.347,26.8,230890,43.6,1010.5,22.9,53.0,51.0
